customer_id,recency,frequency,monetary,R_score,F_score,M_score,RFM_score,cluster,segment
CUST0001,32,5,52781.28,5,4,2,11,1,Lost / Inactive
CUST0002,22,13,336240.57,5,5,5,15,3,Champions
CUST0003,193,3,123615.65,2,2,3,7,1,Lost / Inactive
CUST0004,328,2,25701.32,1,1,2,4,2,At Risk
CUST0005,9,12,777345.46,5,5,5,15,3,Champions
CUST0006,221,5,111448.4,2,4,3,9,1,Lost / Inactive
CUST0007,121,2,56826.52,3,1,2,6,1,Lost / Inactive
CUST0008,4,5,100756.98,5,4,3,12,1,Lost / Inactive
CUST0009,4,5,318343.96,5,4,4,13,0,Loyal Customers
CUST0010,274,7,246550.25,2,4,4,10,0,Loyal Customers
CUST0011,57,4,154973.75,4,3,4,11,1,Lost / Inactive
CUST0012,244,3,16678.61,2,2,1,5,1,Lost / Inactive
CUST0013,8,17,1027824.03,5,5,5,15,3,Champions
CUST0014,61,19,975399.86,4,5,5,14,3,Champions
CUST0015,6,13,595647.06,5,5,5,15,3,Champions
CUST0016,55,19,944601.36,4,5,5,14,3,Champions
CUST0017,151,5,31319.1,3,4,2,9,1,Lost / Inactive
CUST0019,75,5,80612.0,4,4,3,11,1,Lost / Inactive
CUST0020,57,2,107357.85,4,1,3,8,1,Lost / Inactive
CUST0021,21,5,84955.57,5,4,3,12,1,Lost / Inactive
CUST0022,31,3,99110.03,5,2,3,10,1,Lost / Inactive
CUST0023,162,3,5682.68,3,2,1,6,1,Lost / Inactive
CUST0024,50,18,614562.54,4,5,5,14,3,Champions
CUST0025,418,4,169366.44,1,3,4,8,2,At Risk
CUST0026,19,12,204365.64,5,5,4,14,0,Loyal Customers
CUST0027,7,10,376388.84,5,5,5,15,0,Loyal Customers
CUST0028,245,1,3365.62,2,1,1,4,1,Lost / Inactive
CUST0029,1,4,190019.19,5,3,4,12,0,Loyal Customers
CUST0030,3,2,67230.32,5,1,3,9,1,Lost / Inactive
CUST0031,18,14,298869.55,5,5,4,14,3,Champions
CUST0032,99,2,30585.0,3,1,2,6,1,Lost / Inactive
CUST0033,307,2,16155.39,2,1,1,4,2,At Risk
CUST0034,22,11,98185.59,5,5,3,13,0,Loyal Customers
CUST0035,639,1,79603.55,1,1,3,5,2,At Risk
CUST0036,115,2,1945.04,3,1,1,5,1,Lost / Inactive
CUST0037,267,2,315526.95,2,1,4,7,0,Loyal Customers
CUST0038,26,2,30974.46,5,1,2,8,1,Lost / Inactive
CUST0039,483,2,58164.34,1,1,2,4,2,At Risk
CUST0040,593,2,44956.73,1,1,2,4,2,At Risk
CUST0041,438,1,59002.78,1,1,2,4,2,At Risk
CUST0042,4,20,510089.24,5,5,5,15,3,Champions
CUST0043,138,3,125022.18,3,2,3,8,1,Lost / Inactive
CUST0044,5,2,25376.61,5,1,2,8,1,Lost / Inactive
CUST0045,28,3,55734.1,5,2,2,9,1,Lost / Inactive
CUST0046,307,3,256986.54,2,2,4,8,2,At Risk
CUST0047,46,4,91138.33,4,3,3,10,1,Lost / Inactive
CUST0048,156,2,109338.46,3,1,3,7,1,Lost / Inactive
CUST0049,279,2,68408.15,2,1,3,6,1,Lost / Inactive
CUST0050,60,2,9054.73,4,1,1,6,1,Lost / Inactive
CUST0051,1,17,379981.91,5,5,5,15,3,Champions
CUST0052,671,1,2293.56,1,1,1,3,2,At Risk
CUST0053,3,16,634813.39,5,5,5,15,3,Champions
CUST0054,263,1,146678.55,2,1,3,6,1,Lost / Inactive
CUST0055,85,1,5538.32,4,1,1,6,1,Lost / Inactive
CUST0056,93,3,93373.61,3,2,3,8,1,Lost / Inactive
CUST0057,678,3,236611.71,1,2,4,7,2,At Risk
CUST0058,460,3,37518.68,1,2,2,5,2,At Risk
CUST0059,194,6,45160.67,2,4,2,8,1,Lost / Inactive
CUST0062,385,4,225298.45,1,3,4,8,2,At Risk
CUST0063,200,2,248732.03,2,1,4,7,1,Lost / Inactive
CUST0064,507,1,1445.34,1,1,1,3,2,At Risk
CUST0065,192,5,112332.68,2,4,3,9,1,Lost / Inactive
CUST0066,56,15,1495189.54,4,5,5,14,3,Champions
CUST0067,113,11,513956.31,3,5,5,13,3,Champions
CUST0068,625,2,153382.88,1,1,4,6,2,At Risk
CUST0069,80,3,263899.51,4,2,4,10,0,Loyal Customers
CUST0070,66,11,706599.1,4,5,5,14,3,Champions
CUST0071,6,5,46766.49,5,4,2,11,1,Lost / Inactive
CUST0072,356,3,159439.46,1,2,4,7,2,At Risk
CUST0073,583,1,296109.78,1,1,4,6,2,At Risk
CUST0074,23,2,258195.2,5,1,4,10,0,Loyal Customers
CUST0075,221,2,8441.53,2,1,1,4,1,Lost / Inactive
CUST0076,80,4,47643.76,4,3,2,9,1,Lost / Inactive
CUST0077,222,4,144743.45,2,3,3,8,1,Lost / Inactive
CUST0078,67,4,112220.93,4,3,3,10,1,Lost / Inactive
CUST0079,164,3,29649.13,3,2,2,7,1,Lost / Inactive
CUST0080,17,14,613987.38,5,5,5,15,3,Champions
CUST0081,510,1,13171.52,1,1,1,3,2,At Risk
CUST0082,308,3,91244.58,2,2,3,7,2,At Risk
CUST0083,33,1,8468.12,4,1,1,6,1,Lost / Inactive
CUST0084,157,4,64044.81,3,3,2,8,1,Lost / Inactive
CUST0086,304,4,251617.35,2,3,4,9,2,At Risk
CUST0087,174,2,57437.25,2,1,2,5,1,Lost / Inactive
CUST0088,75,2,12705.19,4,1,1,6,1,Lost / Inactive
CUST0089,626,2,28908.34,1,1,2,4,2,At Risk
CUST0090,26,20,624501.04,5,5,5,15,3,Champions
CUST0092,267,2,24961.03,2,1,2,5,1,Lost / Inactive
CUST0093,200,5,191699.86,2,4,4,10,0,Loyal Customers
CUST0095,84,3,86569.43,4,2,3,9,1,Lost / Inactive
CUST0096,66,3,134922.36,4,2,3,9,1,Lost / Inactive
CUST0097,14,6,271832.88,5,4,4,13,0,Loyal Customers
CUST0098,648,1,3597.03,1,1,1,3,2,At Risk
CUST0099,1,3,17401.08,5,2,1,8,1,Lost / Inactive
CUST0101,75,1,4087.51,4,1,1,6,1,Lost / Inactive
CUST0103,294,6,324537.85,2,4,5,11,0,Loyal Customers
CUST0104,54,2,14003.89,4,1,1,6,1,Lost / Inactive
CUST0105,296,1,4753.8,2,1,1,4,2,At Risk
CUST0106,5,21,412599.6,5,5,5,15,3,Champions
CUST0107,226,4,45326.39,2,3,2,7,1,Lost / Inactive
CUST0108,382,6,58224.34,1,4,2,7,2,At Risk
CUST0109,322,5,171041.1,1,4,4,9,2,At Risk
CUST0110,406,3,151187.84,1,2,4,7,2,At Risk
CUST0111,235,4,22010.53,2,3,2,7,1,Lost / Inactive
CUST0112,31,5,208258.03,5,4,4,13,0,Loyal Customers
CUST0113,161,2,19536.88,3,1,2,6,1,Lost / Inactive
CUST0114,233,2,299859.98,2,1,4,7,0,Loyal Customers
CUST0115,351,4,188397.02,1,3,4,8,2,At Risk
CUST0116,122,3,27451.34,3,2,2,7,1,Lost / Inactive
CUST0117,315,2,3465.66,1,1,1,3,2,At Risk
CUST0118,65,3,137155.34,4,2,3,9,1,Lost / Inactive
CUST0119,38,12,423366.29,4,5,5,14,3,Champions
CUST0120,95,6,210641.39,3,4,4,11,0,Loyal Customers
CUST0121,14,5,171445.67,5,4,4,13,0,Loyal Customers
CUST0122,421,2,31292.77,1,1,2,4,2,At Risk
CUST0123,88,1,110238.74,4,1,3,8,1,Lost / Inactive
CUST0125,321,1,11879.04,1,1,1,3,2,At Risk
CUST0126,715,2,129566.25,1,1,3,5,2,At Risk
CUST0127,174,3,101079.84,2,2,3,7,1,Lost / Inactive
CUST0128,28,1,200984.68,5,1,4,10,1,Lost / Inactive
CUST0129,164,3,129316.8,3,2,3,8,1,Lost / Inactive
CUST0130,275,4,326081.83,2,3,5,10,0,Loyal Customers
CUST0131,107,13,239497.63,3,5,4,12,0,Loyal Customers
CUST0132,152,2,13123.12,3,1,1,5,1,Lost / Inactive
CUST0133,330,3,17397.65,1,2,1,4,2,At Risk
CUST0134,251,6,322897.97,2,4,5,11,0,Loyal Customers
CUST0136,548,1,13897.86,1,1,1,3,2,At Risk
CUST0137,356,3,75360.88,1,2,3,6,2,At Risk
CUST0138,147,3,25346.49,3,2,2,7,1,Lost / Inactive
CUST0139,243,2,2785.09,2,1,1,4,1,Lost / Inactive
CUST0140,109,2,41846.82,3,1,2,6,1,Lost / Inactive
CUST0141,331,2,107710.57,1,1,3,5,2,At Risk
CUST0142,28,14,471985.57,5,5,5,15,3,Champions
CUST0143,3,18,273018.07,5,5,4,14,3,Champions
CUST0144,527,3,255155.18,1,2,4,7,2,At Risk
CUST0145,96,3,118454.02,3,2,3,8,1,Lost / Inactive
CUST0146,364,5,127492.94,1,4,3,8,2,At Risk
CUST0147,75,4,234482.35,4,3,4,11,0,Loyal Customers
CUST0148,193,2,111925.88,2,1,3,6,1,Lost / Inactive
CUST0149,187,10,345465.26,2,5,5,12,0,Loyal Customers
CUST0150,586,1,1323.68,1,1,1,3,2,At Risk
CUST0151,467,1,7522.21,1,1,1,3,2,At Risk
CUST0153,152,2,16814.51,3,2,1,6,1,Lost / Inactive
CUST0154,485,1,2029.82,1,1,1,3,2,At Risk
CUST0155,189,4,25565.77,2,3,2,7,1,Lost / Inactive
CUST0156,213,3,43465.5,2,2,2,6,1,Lost / Inactive
CUST0157,314,2,5100.41,1,2,1,4,2,At Risk
CUST0158,239,5,379767.43,2,4,5,11,0,Loyal Customers
CUST0159,120,2,138553.99,3,2,3,8,1,Lost / Inactive
CUST0160,62,3,13629.66,4,2,1,7,1,Lost / Inactive
CUST0161,54,4,101218.55,4,3,3,10,1,Lost / Inactive
CUST0162,50,1,879.1,4,1,1,6,1,Lost / Inactive
CUST0163,38,15,413056.0,4,5,5,14,3,Champions
CUST0164,117,3,79317.02,3,2,3,8,1,Lost / Inactive
CUST0165,29,2,38393.76,5,2,2,9,1,Lost / Inactive
CUST0166,106,5,112037.21,3,4,3,10,1,Lost / Inactive
CUST0167,55,1,11708.12,4,1,1,6,1,Lost / Inactive
CUST0168,205,2,3835.42,2,2,1,5,1,Lost / Inactive
CUST0169,188,2,5820.84,2,2,1,5,1,Lost / Inactive
CUST0170,392,1,39602.55,1,1,2,4,2,At Risk
CUST0171,41,4,277233.49,4,3,4,11,0,Loyal Customers
CUST0172,8,19,572524.83,5,5,5,15,3,Champions
CUST0173,172,2,77089.68,3,2,3,8,1,Lost / Inactive
CUST0174,629,1,12742.9,1,1,1,3,2,At Risk
CUST0175,474,2,40188.57,1,2,2,5,2,At Risk
CUST0176,80,4,393060.98,4,3,5,12,0,Loyal Customers
CUST0177,180,3,47573.08,2,2,2,6,1,Lost / Inactive
CUST0178,26,16,1169371.82,5,5,5,15,3,Champions
CUST0179,78,5,401885.5,4,4,5,13,0,Loyal Customers
CUST0180,1,14,689451.83,5,5,5,15,3,Champions
CUST0181,185,6,48714.59,2,4,2,8,1,Lost / Inactive
CUST0182,75,1,11688.61,4,1,1,6,1,Lost / Inactive
CUST0183,396,2,2890.2,1,2,1,4,2,At Risk
CUST0184,30,12,656967.49,5,5,5,15,3,Champions
CUST0185,52,1,10185.09,4,1,1,6,1,Lost / Inactive
CUST0186,71,4,87352.44,4,3,3,10,1,Lost / Inactive
CUST0187,102,4,43536.4,3,3,2,8,1,Lost / Inactive
CUST0188,522,2,11127.99,1,2,1,4,2,At Risk
CUST0189,446,2,29898.9,1,2,2,5,2,At Risk
CUST0190,109,7,334451.35,3,4,5,12,0,Loyal Customers
CUST0191,295,1,15332.67,2,1,1,4,2,At Risk
CUST0192,89,2,17698.11,4,2,1,7,1,Lost / Inactive
CUST0193,342,2,7336.48,1,2,1,4,2,At Risk
CUST0194,488,1,81004.3,1,1,3,5,2,At Risk
CUST0195,712,1,9444.07,1,1,1,3,2,At Risk
CUST0196,147,4,98529.52,3,3,3,9,1,Lost / Inactive
CUST0197,261,2,74126.21,2,2,3,7,1,Lost / Inactive
CUST0198,222,1,3774.33,2,1,1,4,1,Lost / Inactive
CUST0200,10,12,395886.45,5,5,5,15,3,Champions
CUST0201,197,6,653170.33,2,4,5,11,0,Loyal Customers
CUST0202,139,2,99545.37,3,2,3,8,1,Lost / Inactive
CUST0203,333,5,351861.98,1,4,5,10,0,Loyal Customers
CUST0204,43,3,112423.59,4,2,3,9,1,Lost / Inactive
CUST0205,591,1,37219.95,1,1,2,4,2,At Risk
CUST0206,187,3,338428.13,2,2,5,9,0,Loyal Customers
CUST0207,44,3,44337.85,4,2,2,8,1,Lost / Inactive
CUST0208,95,3,52791.99,3,2,2,7,1,Lost / Inactive
CUST0209,382,2,26438.75,1,2,2,5,2,At Risk
CUST0210,113,2,215278.72,3,2,4,9,1,Lost / Inactive
CUST0211,5,4,55556.17,5,3,2,10,1,Lost / Inactive
CUST0212,145,2,14389.32,3,2,1,6,1,Lost / Inactive
CUST0213,136,3,73842.48,3,2,3,8,1,Lost / Inactive
CUST0214,149,8,341423.07,3,4,5,12,0,Loyal Customers
CUST0215,32,3,88248.12,5,2,3,10,1,Lost / Inactive
CUST0216,113,13,1071611.25,3,5,5,13,3,Champions
CUST0217,9,19,483245.22,5,5,5,15,3,Champions
CUST0218,50,4,346503.95,4,3,5,12,0,Loyal Customers
CUST0219,251,1,55999.36,2,1,2,5,1,Lost / Inactive
CUST0220,177,3,623146.72,2,2,5,9,0,Loyal Customers
CUST0221,122,2,407173.68,3,2,5,10,0,Loyal Customers
CUST0222,1,14,220093.34,5,5,4,14,0,Loyal Customers
CUST0223,724,1,92696.88,1,1,3,5,2,At Risk
CUST0224,384,3,41027.65,1,2,2,5,2,At Risk
CUST0225,191,9,393349.63,2,5,5,12,0,Loyal Customers
CUST0226,243,2,168037.34,2,2,4,8,1,Lost / Inactive
CUST0227,15,19,367008.27,5,5,5,15,3,Champions
CUST0228,6,13,347604.99,5,5,5,15,3,Champions
CUST0229,62,6,40949.6,4,4,2,10,1,Lost / Inactive
CUST0230,124,3,29486.14,3,3,2,8,1,Lost / Inactive
CUST0231,34,11,752559.12,4,5,5,14,3,Champions
CUST0232,441,4,167235.93,1,3,4,8,2,At Risk
CUST0233,114,5,203123.13,3,4,4,11,0,Loyal Customers
CUST0234,28,2,203643.18,5,2,4,11,1,Lost / Inactive
CUST0235,432,2,18679.27,1,2,2,5,2,At Risk
CUST0236,42,23,1139502.58,4,5,5,14,3,Champions
CUST0237,119,4,99132.19,3,3,3,9,1,Lost / Inactive
CUST0238,38,5,607930.99,4,4,5,13,0,Loyal Customers
CUST0239,88,3,28707.6,4,3,2,9,1,Lost / Inactive
CUST0240,109,3,12646.76,3,3,1,7,1,Lost / Inactive
CUST0241,376,1,1186.0,1,1,1,3,2,At Risk
CUST0242,277,1,2274.62,2,1,1,4,1,Lost / Inactive
CUST0243,13,11,380968.12,5,5,5,15,0,Loyal Customers
CUST0244,9,2,23641.46,5,2,2,9,1,Lost / Inactive
CUST0245,37,4,329516.81,4,3,5,12,0,Loyal Customers
CUST0246,51,5,465653.86,4,4,5,13,0,Loyal Customers
CUST0247,261,2,7799.54,2,2,1,5,1,Lost / Inactive
CUST0248,402,1,116239.25,1,1,3,5,2,At Risk
CUST0249,151,15,645744.85,3,5,5,13,3,Champions
CUST0250,148,2,47595.23,3,2,2,7,1,Lost / Inactive
CUST0251,101,2,338679.82,3,2,5,10,0,Loyal Customers
CUST0252,93,3,14382.38,3,3,1,7,1,Lost / Inactive
CUST0253,63,9,161284.37,4,5,4,13,0,Loyal Customers
CUST0254,259,3,130145.09,2,3,3,8,1,Lost / Inactive
CUST0255,202,4,53200.88,2,3,2,7,1,Lost / Inactive
CUST0256,321,7,363020.54,1,4,5,10,0,Loyal Customers
CUST0257,68,10,595942.71,4,5,5,14,3,Champions
CUST0258,398,2,174087.03,1,2,4,7,2,At Risk
CUST0259,32,1,12000.2,5,1,1,7,1,Lost / Inactive
CUST0260,116,4,98968.35,3,3,3,9,1,Lost / Inactive
CUST0261,46,4,136484.66,4,3,3,10,1,Lost / Inactive
CUST0262,578,1,449.25,1,1,1,3,2,At Risk
CUST0263,121,12,584356.28,3,5,5,13,3,Champions
CUST0264,124,3,267139.52,3,3,4,10,0,Loyal Customers
CUST0265,83,5,284520.14,4,4,4,12,0,Loyal Customers
CUST0266,147,4,15246.59,3,3,1,7,1,Lost / Inactive
CUST0267,617,1,2914.11,1,1,1,3,2,At Risk
CUST0268,19,20,534587.57,5,5,5,15,3,Champions
CUST0269,93,4,385994.63,3,3,5,11,0,Loyal Customers
CUST0270,137,1,4641.25,3,1,1,5,1,Lost / Inactive
CUST0271,3,5,116189.74,5,4,3,12,1,Lost / Inactive
CUST0272,72,3,84124.04,4,3,3,10,1,Lost / Inactive
CUST0273,205,3,108745.84,2,3,3,8,1,Lost / Inactive
CUST0274,30,1,31260.64,5,1,2,8,1,Lost / Inactive
CUST0275,51,5,397126.51,4,4,5,13,0,Loyal Customers
CUST0276,29,15,379611.33,5,5,5,15,3,Champions
CUST0277,562,3,27002.14,1,3,2,6,2,At Risk
CUST0278,144,5,152640.45,3,4,4,11,1,Lost / Inactive
CUST0280,672,1,2099.88,1,1,1,3,2,At Risk
CUST0281,76,13,539589.6,4,5,5,14,3,Champions
CUST0282,108,2,3593.24,3,2,1,6,1,Lost / Inactive
CUST0284,184,3,33233.87,2,3,2,7,1,Lost / Inactive
CUST0285,25,3,32712.1,5,3,2,10,1,Lost / Inactive
CUST0287,209,8,362366.38,2,4,5,11,0,Loyal Customers
CUST0288,26,15,741184.84,5,5,5,15,3,Champions
CUST0289,378,4,60209.35,1,3,2,6,2,At Risk
CUST0290,239,5,133813.74,2,4,3,9,1,Lost / Inactive
CUST0291,100,2,78480.43,3,2,3,8,1,Lost / Inactive
CUST0292,33,8,149399.14,4,4,3,11,0,Loyal Customers
CUST0293,7,10,255279.83,5,5,4,14,0,Loyal Customers
CUST0294,5,16,302673.04,5,5,4,14,3,Champions
CUST0295,638,1,3585.85,1,1,1,3,2,At Risk
CUST0296,136,2,278945.47,3,2,4,9,0,Loyal Customers
CUST0297,57,13,276054.06,4,5,4,13,0,Loyal Customers
CUST0298,54,13,350450.09,4,5,5,14,3,Champions
CUST0299,208,2,40602.72,2,2,2,6,1,Lost / Inactive
CUST0300,160,2,24029.51,3,2,2,7,1,Lost / Inactive
CUST0301,542,1,11368.61,1,1,1,3,2,At Risk
CUST0302,162,7,348229.69,3,4,5,12,0,Loyal Customers
CUST0303,90,3,146415.98,4,3,3,10,1,Lost / Inactive
CUST0304,254,4,303953.52,2,3,4,9,0,Loyal Customers
CUST0305,316,3,35788.84,1,3,2,6,2,At Risk
CUST0306,22,3,19058.43,5,3,2,10,1,Lost / Inactive
CUST0307,88,19,894953.32,4,5,5,14,3,Champions
CUST0308,175,4,19748.46,2,3,2,7,1,Lost / Inactive
CUST0309,399,2,4175.85,1,2,1,4,2,At Risk
CUST0310,19,4,53285.22,5,3,2,10,1,Lost / Inactive
CUST0311,307,2,4636.15,2,2,1,5,2,At Risk
CUST0312,428,1,227729.4,1,1,4,6,2,At Risk
CUST0313,79,2,75396.62,4,2,3,9,1,Lost / Inactive
CUST0314,361,2,88947.31,1,2,3,6,2,At Risk
CUST0315,179,1,4722.93,2,1,1,4,1,Lost / Inactive
CUST0316,198,1,114892.52,2,1,3,6,1,Lost / Inactive
CUST0317,239,2,6977.76,2,2,1,5,1,Lost / Inactive
CUST0318,38,2,62194.35,4,2,2,8,1,Lost / Inactive
CUST0319,76,2,139342.12,4,2,3,9,1,Lost / Inactive
CUST0320,201,2,24166.12,2,2,2,6,1,Lost / Inactive
CUST0321,43,3,144983.79,4,3,3,10,1,Lost / Inactive
CUST0322,285,2,25004.72,2,2,2,6,2,At Risk
CUST0323,100,4,31639.33,3,3,2,8,1,Lost / Inactive
CUST0324,438,3,56981.62,1,3,2,6,2,At Risk
CUST0325,206,3,115149.63,2,3,3,8,1,Lost / Inactive
CUST0326,3,7,128704.88,5,4,3,12,0,Loyal Customers
CUST0327,348,2,58014.14,1,2,2,5,2,At Risk
CUST0328,5,21,839627.81,5,5,5,15,3,Champions
CUST0329,8,19,251120.2,5,5,4,14,3,Champions
CUST0330,118,12,488384.78,3,5,5,13,3,Champions
CUST0331,90,2,31791.7,4,2,2,8,1,Lost / Inactive
CUST0332,18,21,337504.16,5,5,5,15,3,Champions
CUST0333,223,2,22619.27,2,2,2,6,1,Lost / Inactive
CUST0334,30,3,126842.12,5,3,3,11,1,Lost / Inactive
CUST0335,342,1,420.04,1,1,1,3,2,At Risk
CUST0336,99,1,72106.77,3,1,3,7,1,Lost / Inactive
CUST0337,410,5,74238.32,1,4,3,8,2,At Risk
CUST0338,62,4,45782.75,4,3,2,9,1,Lost / Inactive
CUST0339,175,1,156405.3,2,1,4,7,1,Lost / Inactive
CUST0340,23,5,219496.31,5,4,4,13,0,Loyal Customers
CUST0342,571,1,2157.91,1,1,1,3,2,At Risk
CUST0344,231,2,147673.22,2,2,3,7,1,Lost / Inactive
CUST0345,223,1,2973.71,2,1,1,4,1,Lost / Inactive
CUST0346,64,18,503157.61,4,5,5,14,3,Champions
CUST0347,102,3,41488.54,3,3,2,8,1,Lost / Inactive
CUST0348,37,4,345955.72,4,3,5,12,0,Loyal Customers
CUST0349,359,1,46903.01,1,1,2,4,2,At Risk
CUST0350,25,14,483332.11,5,5,5,15,3,Champions
CUST0351,86,14,489608.8,4,5,5,14,3,Champions
CUST0352,12,5,307620.04,5,4,4,13,0,Loyal Customers
CUST0353,240,3,12527.64,2,3,1,6,1,Lost / Inactive
CUST0354,30,4,36729.63,5,3,2,10,1,Lost / Inactive
CUST0356,11,3,53205.7,5,3,2,10,1,Lost / Inactive
CUST0357,280,2,52698.53,2,2,2,6,1,Lost / Inactive
CUST0359,224,3,6473.04,2,3,1,6,1,Lost / Inactive
CUST0360,12,12,457093.85,5,5,5,15,3,Champions
CUST0361,86,3,269498.82,4,3,4,11,0,Loyal Customers
CUST0362,161,2,127830.0,3,2,3,8,1,Lost / Inactive
CUST0363,303,4,18331.7,2,3,1,6,2,At Risk
CUST0364,48,13,689386.28,4,5,5,14,3,Champions
CUST0365,176,5,40648.69,2,4,2,8,1,Lost / Inactive
CUST0366,31,5,109982.58,5,4,3,12,1,Lost / Inactive
CUST0367,53,3,251169.81,4,3,4,11,0,Loyal Customers
CUST0368,174,5,24567.42,2,4,2,8,1,Lost / Inactive
CUST0369,78,4,174328.79,4,3,4,11,1,Lost / Inactive
CUST0370,550,1,10791.94,1,1,1,3,2,At Risk
CUST0371,8,20,546745.35,5,5,5,15,3,Champions
CUST0372,93,17,515935.67,3,5,5,13,3,Champions
CUST0373,206,4,11399.1,2,3,1,6,1,Lost / Inactive
CUST0374,97,13,522251.23,3,5,5,13,3,Champions
CUST0375,256,3,11444.49,2,3,1,6,1,Lost / Inactive
CUST0376,280,5,185375.49,2,4,4,10,1,Lost / Inactive
CUST0377,58,3,179154.51,4,3,4,11,1,Lost / Inactive
CUST0378,145,3,236926.73,3,3,4,10,0,Loyal Customers
CUST0379,12,5,76789.0,5,4,3,12,1,Lost / Inactive
CUST0380,521,2,33362.0,1,2,2,5,2,At Risk
CUST0381,114,4,63885.07,3,3,2,8,1,Lost / Inactive
CUST0382,219,5,406912.24,2,4,5,11,0,Loyal Customers
CUST0383,7,18,931135.56,5,5,5,15,3,Champions
CUST0384,98,2,285015.05,3,2,4,9,0,Loyal Customers
CUST0385,119,2,28567.93,3,2,2,7,1,Lost / Inactive
CUST0386,192,3,18637.06,2,3,2,7,1,Lost / Inactive
CUST0387,289,3,241135.55,2,3,4,9,2,At Risk
CUST0388,27,9,531709.34,5,5,5,15,3,Champions
CUST0389,154,2,15956.06,3,2,1,6,1,Lost / Inactive
CUST0390,165,1,38993.58,3,1,2,6,1,Lost / Inactive
CUST0391,186,1,17693.58,2,1,1,4,1,Lost / Inactive
CUST0392,226,1,2749.53,2,1,1,4,1,Lost / Inactive
CUST0393,11,16,386553.54,5,5,5,15,3,Champions
CUST0394,85,3,36922.95,4,3,2,9,1,Lost / Inactive
CUST0395,48,12,346148.81,4,5,5,14,0,Loyal Customers
CUST0396,30,19,758901.58,5,5,5,15,3,Champions
CUST0397,2,10,224494.99,5,5,4,14,0,Loyal Customers
CUST0398,120,15,619388.31,3,5,5,13,3,Champions
CUST0399,262,2,65509.63,2,2,3,7,1,Lost / Inactive
CUST0400,9,12,428686.42,5,5,5,15,3,Champions
CUST0401,225,1,11483.58,2,1,1,4,1,Lost / Inactive
CUST0402,49,13,667825.15,4,5,5,14,3,Champions
CUST0403,300,4,45060.77,2,3,2,7,2,At Risk
CUST0404,321,1,42206.72,1,1,2,4,2,At Risk
CUST0405,74,2,27429.66,4,2,2,8,1,Lost / Inactive
CUST0406,13,2,61904.75,5,2,2,9,1,Lost / Inactive
CUST0407,84,5,272579.46,4,4,4,12,0,Loyal Customers
CUST0408,373,4,120230.05,1,3,3,7,2,At Risk
CUST0409,9,3,204940.16,5,3,4,12,0,Loyal Customers
CUST0410,58,3,8632.77,4,3,1,8,1,Lost / Inactive
CUST0411,170,1,75416.16,3,1,3,7,1,Lost / Inactive
CUST0412,50,4,185019.55,4,3,4,11,0,Loyal Customers
CUST0413,129,3,374857.57,3,3,5,11,0,Loyal Customers
CUST0414,189,1,1909.19,2,1,1,4,1,Lost / Inactive
CUST0415,17,7,148646.79,5,4,3,12,0,Loyal Customers
CUST0416,7,15,458495.61,5,5,5,15,3,Champions
CUST0417,86,9,239905.88,4,5,4,13,0,Loyal Customers
CUST0418,186,1,13822.7,2,1,1,4,1,Lost / Inactive
CUST0419,35,6,252426.67,4,4,4,12,0,Loyal Customers
CUST0420,314,5,203909.04,1,4,4,9,2,At Risk
CUST0421,121,5,42626.8,3,4,2,9,1,Lost / Inactive
CUST0422,249,7,173404.28,2,4,4,10,0,Loyal Customers
CUST0423,44,5,183494.19,4,4,4,12,0,Loyal Customers
CUST0424,160,2,1585.53,3,2,1,6,1,Lost / Inactive
CUST0425,104,4,15305.74,3,3,1,7,1,Lost / Inactive
CUST0426,31,15,610709.71,5,5,5,15,3,Champions
CUST0427,117,6,177560.94,3,4,4,11,0,Loyal Customers
CUST0428,222,4,116827.92,2,3,3,8,1,Lost / Inactive
CUST0429,79,13,500480.84,4,5,5,14,3,Champions
CUST0430,67,8,707593.02,4,4,5,13,3,Champions
CUST0431,46,8,80449.51,4,4,3,11,0,Loyal Customers
CUST0432,101,10,508211.11,3,5,5,13,3,Champions
CUST0434,92,14,552980.58,4,5,5,14,3,Champions
CUST0435,354,3,129957.36,1,3,3,7,2,At Risk
CUST0437,372,1,147849.93,1,1,3,5,2,At Risk
CUST0438,324,3,97158.86,1,3,3,7,2,At Risk
CUST0439,441,3,216493.48,1,3,4,8,2,At Risk
CUST0440,303,4,207592.73,2,3,4,9,2,At Risk
CUST0441,17,5,65687.88,5,4,3,12,1,Lost / Inactive
CUST0442,308,2,81690.6,2,2,3,7,2,At Risk
CUST0443,170,1,31436.35,3,1,2,6,1,Lost / Inactive
CUST0444,26,7,523778.72,5,4,5,14,0,Loyal Customers
CUST0445,54,7,387169.64,4,4,5,13,0,Loyal Customers
CUST0446,61,19,978244.25,4,5,5,14,3,Champions
CUST0447,215,4,27412.14,2,3,2,7,1,Lost / Inactive
CUST0448,136,13,724830.31,3,5,5,13,3,Champions
CUST0449,81,2,27493.08,4,2,2,8,1,Lost / Inactive
CUST0450,82,1,79947.42,4,1,3,8,1,Lost / Inactive
CUST0451,101,1,1908.43,3,1,1,5,1,Lost / Inactive
CUST0452,151,2,232565.09,3,2,4,9,1,Lost / Inactive
CUST0453,659,1,1140.02,1,1,1,3,2,At Risk
CUST0454,685,3,49760.05,1,3,2,6,2,At Risk
CUST0455,270,2,87882.28,2,2,3,7,1,Lost / Inactive
CUST0456,42,5,17293.72,4,4,1,9,1,Lost / Inactive
CUST0457,110,13,416110.66,3,5,5,13,3,Champions
CUST0458,401,2,41605.67,1,2,2,5,2,At Risk
CUST0459,190,2,22028.83,2,2,2,6,1,Lost / Inactive
CUST0460,427,2,79549.99,1,2,3,6,2,At Risk
CUST0461,31,14,649106.48,5,5,5,15,3,Champions
CUST0462,47,5,117891.66,4,4,3,11,1,Lost / Inactive
CUST0463,165,4,196815.52,3,3,4,10,1,Lost / Inactive
CUST0464,131,6,314849.24,3,4,4,11,0,Loyal Customers
CUST0465,131,4,67939.63,3,3,3,9,1,Lost / Inactive
CUST0466,111,18,1006511.78,3,5,5,13,3,Champions
CUST0467,33,11,43442.79,4,5,2,11,0,Loyal Customers
CUST0468,284,2,12097.85,2,2,1,5,2,At Risk
CUST0469,150,11,157744.24,3,5,4,12,0,Loyal Customers
CUST0470,12,4,74254.43,5,3,3,11,1,Lost / Inactive
CUST0471,458,3,27394.76,1,3,2,6,2,At Risk
CUST0472,97,3,18472.12,3,3,1,7,1,Lost / Inactive
CUST0473,29,10,387316.19,5,5,5,15,0,Loyal Customers
CUST0474,175,5,119714.72,2,4,3,9,1,Lost / Inactive
CUST0475,28,1,5834.4,5,1,1,7,1,Lost / Inactive
CUST0476,25,13,273464.98,5,5,4,14,0,Loyal Customers
CUST0477,353,2,193565.98,1,2,4,7,2,At Risk
CUST0478,333,3,37537.85,1,3,2,6,2,At Risk
CUST0479,222,1,18294.77,2,1,1,4,1,Lost / Inactive
CUST0480,20,6,172107.23,5,4,4,13,0,Loyal Customers
CUST0483,148,6,73604.57,3,4,3,10,1,Lost / Inactive
CUST0484,5,15,287466.49,5,5,4,14,3,Champions
CUST0485,45,3,26001.69,4,3,2,9,1,Lost / Inactive
CUST0486,24,3,30473.91,5,3,2,10,1,Lost / Inactive
CUST0487,10,15,575430.66,5,5,5,15,3,Champions
CUST0488,118,1,6238.52,3,1,1,5,1,Lost / Inactive
CUST0489,260,2,18047.25,2,2,1,5,1,Lost / Inactive
CUST0490,382,2,8957.86,1,2,1,4,2,At Risk
CUST0491,190,2,79749.26,2,2,3,7,1,Lost / Inactive
CUST0492,72,5,250489.87,4,4,4,12,0,Loyal Customers
CUST0493,29,3,24459.61,5,3,2,10,1,Lost / Inactive
CUST0494,157,4,194897.15,3,3,4,10,1,Lost / Inactive
CUST0495,188,3,13224.04,2,3,1,6,1,Lost / Inactive
CUST0496,96,4,473168.62,3,3,5,11,0,Loyal Customers
CUST0497,628,1,2750.58,1,1,1,3,2,At Risk
CUST0498,251,1,2106.68,2,1,1,4,1,Lost / Inactive
CUST0499,35,4,438736.96,4,4,5,13,0,Loyal Customers
CUST0500,12,2,6361.0,5,2,1,8,1,Lost / Inactive
CUST0501,619,1,8514.03,1,1,1,3,2,At Risk
CUST0502,10,20,960624.22,5,5,5,15,3,Champions
CUST0503,97,5,62078.73,3,4,2,9,1,Lost / Inactive
CUST0504,121,3,213422.36,3,3,4,10,1,Lost / Inactive
CUST0505,314,2,57492.15,1,2,2,5,2,At Risk
CUST0506,147,5,66531.97,3,4,3,10,1,Lost / Inactive
CUST0507,87,1,16350.36,4,1,1,6,1,Lost / Inactive
CUST0508,310,1,33852.69,2,1,2,5,2,At Risk
CUST0509,32,4,312471.91,5,4,4,13,0,Loyal Customers
CUST0510,405,1,15974.22,1,1,1,3,2,At Risk
CUST0511,80,2,14771.01,4,2,1,7,1,Lost / Inactive
CUST0512,168,3,23579.19,3,3,2,8,1,Lost / Inactive
CUST0513,40,13,230931.74,4,5,4,13,0,Loyal Customers
CUST0514,98,4,172495.53,3,4,4,11,1,Lost / Inactive
CUST0515,663,1,28094.04,1,1,2,4,2,At Risk
CUST0516,29,10,546911.56,5,5,5,15,3,Champions
CUST0517,44,5,81583.68,4,4,3,11,1,Lost / Inactive
CUST0518,262,2,254662.03,2,2,4,8,1,Lost / Inactive
CUST0519,364,1,3831.62,1,1,1,3,2,At Risk
CUST0520,198,5,321877.0,2,4,5,11,0,Loyal Customers
CUST0521,107,5,380427.16,3,4,5,12,0,Loyal Customers
CUST0522,32,6,216664.13,5,4,4,13,0,Loyal Customers
CUST0523,518,1,444.86,1,1,1,3,2,At Risk
CUST0524,40,3,114115.5,4,3,3,10,1,Lost / Inactive
CUST0525,56,3,304838.85,4,3,4,11,0,Loyal Customers
CUST0526,337,1,1071.1,1,1,1,3,2,At Risk
CUST0527,110,11,165832.77,3,5,4,12,0,Loyal Customers
CUST0528,309,3,80101.67,2,3,3,8,2,At Risk
CUST0529,56,5,310786.78,4,4,4,12,0,Loyal Customers
CUST0530,7,5,194059.37,5,4,4,13,0,Loyal Customers
CUST0531,16,11,1072721.06,5,5,5,15,3,Champions
CUST0532,13,12,229121.02,5,5,4,14,0,Loyal Customers
CUST0533,222,8,231746.12,2,4,4,10,0,Loyal Customers
CUST0534,26,10,575088.86,5,5,5,15,3,Champions
CUST0535,43,10,316666.49,4,5,4,13,0,Loyal Customers
CUST0536,36,2,29903.47,4,2,2,8,1,Lost / Inactive
CUST0537,284,1,149648.07,2,1,3,6,2,At Risk
CUST0538,45,2,14269.55,4,2,1,7,1,Lost / Inactive
CUST0539,149,3,42447.12,3,3,2,8,1,Lost / Inactive
CUST0540,490,2,36669.6,1,2,2,5,2,At Risk
CUST0541,190,1,38542.96,2,1,2,5,1,Lost / Inactive
CUST0542,134,6,502558.24,3,4,5,12,0,Loyal Customers
CUST0543,163,2,109155.23,3,2,3,8,1,Lost / Inactive
CUST0544,92,3,17339.34,4,3,1,8,1,Lost / Inactive
CUST0545,7,14,780057.4,5,5,5,15,3,Champions
CUST0546,512,3,212001.14,1,3,4,8,2,At Risk
CUST0547,3,19,760178.22,5,5,5,15,3,Champions
CUST0548,252,2,7944.11,2,2,1,5,1,Lost / Inactive
CUST0549,41,7,396850.37,4,4,5,13,0,Loyal Customers
CUST0550,20,12,165383.19,5,5,4,14,0,Loyal Customers
CUST0551,338,2,53088.72,1,2,2,5,2,At Risk
CUST0552,473,1,3252.71,1,1,1,3,2,At Risk
CUST0553,376,2,176736.43,1,2,4,7,2,At Risk
CUST0554,137,2,9830.74,3,2,1,6,1,Lost / Inactive
CUST0555,551,1,3781.31,1,1,1,3,2,At Risk
CUST0556,365,1,7329.37,1,1,1,3,2,At Risk
CUST0557,79,4,133951.62,4,4,3,11,1,Lost / Inactive
CUST0558,715,2,6403.95,1,2,1,4,2,At Risk
CUST0559,151,2,56433.04,3,2,2,7,1,Lost / Inactive
CUST0560,121,3,29145.52,3,3,2,8,1,Lost / Inactive
CUST0561,5,2,83686.05,5,2,3,10,1,Lost / Inactive
CUST0562,75,13,247153.43,4,5,4,13,0,Loyal Customers
CUST0563,184,2,21730.32,2,2,2,6,1,Lost / Inactive
CUST0564,95,3,126000.17,3,3,3,9,1,Lost / Inactive
CUST0565,220,2,79067.52,2,2,3,7,1,Lost / Inactive
CUST0566,142,3,248366.8,3,3,4,10,0,Loyal Customers
CUST0567,213,3,54650.74,2,3,2,7,1,Lost / Inactive
CUST0568,71,1,15140.77,4,1,1,6,1,Lost / Inactive
CUST0569,261,3,14926.19,2,3,1,6,1,Lost / Inactive
CUST0570,300,2,56337.45,2,2,2,6,2,At Risk
CUST0572,56,16,577601.31,4,5,5,14,3,Champions
CUST0573,540,3,49491.1,1,3,2,6,2,At Risk
CUST0574,114,4,236897.77,3,4,4,11,0,Loyal Customers
CUST0575,156,2,15889.69,3,2,1,6,1,Lost / Inactive
CUST0576,92,2,42023.59,4,2,2,8,1,Lost / Inactive
CUST0577,247,4,39018.7,2,4,2,8,1,Lost / Inactive
CUST0578,17,16,477323.15,5,5,5,15,3,Champions
CUST0579,120,2,39481.12,3,2,2,7,1,Lost / Inactive
CUST0580,403,2,19571.6,1,2,2,5,2,At Risk
CUST0581,3,5,69234.84,5,4,3,12,1,Lost / Inactive
CUST0582,24,3,99268.39,5,3,3,11,1,Lost / Inactive
CUST0583,197,5,204622.73,2,4,4,10,0,Loyal Customers
CUST0584,174,2,135479.33,2,2,3,7,1,Lost / Inactive
CUST0585,347,3,46448.24,1,3,2,6,2,At Risk
CUST0586,246,1,10012.32,2,1,1,4,1,Lost / Inactive
CUST0587,109,22,706732.51,3,5,5,13,3,Champions
CUST0588,450,1,3466.38,1,1,1,3,2,At Risk
CUST0589,543,2,12796.21,1,2,1,4,2,At Risk
CUST0590,114,12,848090.24,3,5,5,13,3,Champions
CUST0591,497,4,119366.83,1,4,3,8,2,At Risk
CUST0592,131,3,109091.37,3,3,3,9,1,Lost / Inactive
CUST0593,654,1,123832.23,1,1,3,5,2,At Risk
CUST0594,244,1,3567.39,2,1,1,4,1,Lost / Inactive
CUST0595,339,4,88709.43,1,4,3,8,2,At Risk
CUST0596,564,3,33935.37,1,3,2,6,2,At Risk
CUST0597,66,12,216565.22,4,5,4,13,0,Loyal Customers
CUST0598,17,15,434621.16,5,5,5,15,3,Champions
CUST0599,12,6,179759.11,5,4,4,13,0,Loyal Customers
CUST0600,302,3,13641.44,2,3,1,6,2,At Risk
CUST0601,75,3,261306.29,4,3,4,11,0,Loyal Customers
CUST0602,472,3,119462.22,1,3,3,7,2,At Risk
CUST0603,184,4,286469.65,2,4,4,10,0,Loyal Customers
CUST0604,48,4,165351.2,4,4,4,12,1,Lost / Inactive
CUST0606,243,4,261490.0,2,4,4,10,0,Loyal Customers
CUST0607,100,7,246377.3,3,4,4,11,0,Loyal Customers
CUST0608,14,14,303951.67,5,5,4,14,3,Champions
CUST0609,8,2,50307.11,5,2,2,9,1,Lost / Inactive
CUST0610,131,4,56251.49,3,4,2,9,1,Lost / Inactive
CUST0611,296,4,216175.55,2,4,4,10,2,At Risk
CUST0612,188,4,115921.71,2,4,3,9,1,Lost / Inactive
CUST0613,360,2,32137.7,1,2,2,5,2,At Risk
CUST0614,24,14,628727.19,5,5,5,15,3,Champions
CUST0615,105,2,5309.9,3,2,1,6,1,Lost / Inactive
CUST0616,42,8,335297.65,4,4,5,13,0,Loyal Customers
CUST0617,184,1,107304.34,2,1,3,6,1,Lost / Inactive
CUST0618,294,2,97415.66,2,2,3,7,2,At Risk
CUST0619,13,3,149870.71,5,3,3,11,1,Lost / Inactive
CUST0620,36,5,169032.43,4,4,4,12,0,Loyal Customers
CUST0621,193,11,138164.41,2,5,3,10,0,Loyal Customers
CUST0622,72,3,146472.56,4,3,3,10,1,Lost / Inactive
CUST0623,521,4,214685.08,1,4,4,9,2,At Risk
CUST0624,703,1,6664.98,1,1,1,3,2,At Risk
CUST0625,10,3,8774.65,5,3,1,9,1,Lost / Inactive
CUST0626,8,3,74659.1,5,3,3,11,1,Lost / Inactive
CUST0627,46,12,749405.45,4,5,5,14,3,Champions
CUST0628,678,1,104383.01,1,1,3,5,2,At Risk
CUST0629,493,1,59766.36,1,1,2,4,2,At Risk
CUST0630,185,3,29602.86,2,3,2,7,1,Lost / Inactive
CUST0631,8,3,16807.39,5,3,1,9,1,Lost / Inactive
CUST0632,164,13,590703.35,3,5,5,13,3,Champions
CUST0633,566,1,2079.74,1,1,1,3,2,At Risk
CUST0634,101,2,4334.7,3,2,1,6,1,Lost / Inactive
CUST0635,16,3,18368.94,5,3,1,9,1,Lost / Inactive
CUST0636,711,1,11819.33,1,1,1,3,2,At Risk
CUST0637,440,1,126945.63,1,1,3,5,2,At Risk
CUST0638,234,1,34055.81,2,1,2,5,1,Lost / Inactive
CUST0639,19,9,255484.66,5,5,4,14,0,Loyal Customers
CUST0640,525,2,13671.58,1,2,1,4,2,At Risk
CUST0641,162,3,54096.54,3,3,2,8,1,Lost / Inactive
CUST0642,210,2,25556.89,2,2,2,6,1,Lost / Inactive
CUST0643,81,1,1350.4,4,1,1,6,1,Lost / Inactive
CUST0645,80,2,226187.66,4,2,4,10,1,Lost / Inactive
CUST0646,28,9,568646.64,5,5,5,15,3,Champions
CUST0647,235,4,92236.5,2,4,3,9,1,Lost / Inactive
CUST0648,16,10,339691.28,5,5,5,15,0,Loyal Customers
CUST0649,26,15,306989.07,5,5,4,14,3,Champions
CUST0651,66,4,164346.99,4,4,4,12,1,Lost / Inactive
CUST0652,490,2,20093.48,1,2,2,5,2,At Risk
CUST0653,509,1,28556.76,1,1,2,4,2,At Risk
CUST0654,539,1,1898.89,1,1,1,3,2,At Risk
CUST0655,114,5,70445.73,3,4,3,10,1,Lost / Inactive
CUST0656,92,1,3852.35,4,1,1,6,1,Lost / Inactive
CUST0657,211,3,82223.35,2,3,3,8,1,Lost / Inactive
CUST0658,44,20,525895.03,4,5,5,14,3,Champions
CUST0659,98,1,620.12,3,1,1,5,1,Lost / Inactive
CUST0660,412,1,5557.8,1,1,1,3,2,At Risk
CUST0661,147,6,107966.2,3,4,3,10,1,Lost / Inactive
CUST0662,45,6,177896.64,4,4,4,12,0,Loyal Customers
CUST0663,49,4,125457.98,4,4,3,11,1,Lost / Inactive
CUST0664,25,14,463020.99,5,5,5,15,3,Champions
CUST0665,141,14,465764.9,3,5,5,13,3,Champions
CUST0666,107,4,41452.07,3,4,2,9,1,Lost / Inactive
CUST0667,294,3,16913.99,2,3,1,6,2,At Risk
CUST0668,90,11,212365.5,4,5,4,13,0,Loyal Customers
CUST0669,73,14,386453.7,4,5,5,14,3,Champions
CUST0671,42,4,467267.13,4,4,5,13,0,Loyal Customers
CUST0673,7,18,237504.15,5,5,4,14,3,Champions
CUST0674,638,4,35282.76,1,4,2,7,2,At Risk
CUST0675,352,4,68560.89,1,4,3,8,2,At Risk
CUST0676,85,10,234454.41,4,5,4,13,0,Loyal Customers
CUST0677,86,3,11692.55,4,3,1,8,1,Lost / Inactive
CUST0678,81,5,106303.45,4,4,3,11,1,Lost / Inactive
CUST0679,660,1,4656.24,1,1,1,3,2,At Risk
CUST0680,116,5,296485.08,3,4,4,11,0,Loyal Customers
CUST0681,307,2,167148.76,2,2,4,8,2,At Risk
CUST0682,19,2,30716.01,5,2,2,9,1,Lost / Inactive
CUST0683,252,4,89252.53,2,4,3,9,1,Lost / Inactive
CUST0684,4,16,517758.45,5,5,5,15,3,Champions
CUST0685,137,4,151014.91,3,4,4,11,1,Lost / Inactive
CUST0686,12,12,203360.62,5,5,4,14,0,Loyal Customers
CUST0687,29,3,272797.49,5,3,4,12,0,Loyal Customers
CUST0688,265,6,120913.02,2,4,3,9,1,Lost / Inactive
CUST0690,306,1,3591.39,2,1,1,4,2,At Risk
CUST0691,524,1,19384.2,1,1,2,4,2,At Risk
CUST0692,13,14,290126.12,5,5,4,14,3,Champions
CUST0693,70,2,43535.67,4,2,2,8,1,Lost / Inactive
CUST0694,350,3,212376.38,1,3,4,8,2,At Risk
CUST0695,74,4,308000.45,4,4,4,12,0,Loyal Customers
CUST0697,2,3,150126.27,5,3,4,12,1,Lost / Inactive
CUST0698,22,5,38448.23,5,4,2,11,1,Lost / Inactive
CUST0699,335,3,8125.65,1,3,1,5,2,At Risk
CUST0700,26,9,341847.35,5,5,5,15,0,Loyal Customers
CUST0701,452,1,4096.07,1,1,1,3,2,At Risk
CUST0702,191,4,40143.74,2,4,2,8,1,Lost / Inactive
CUST0703,8,16,731933.74,5,5,5,15,3,Champions
CUST0704,7,18,374457.29,5,5,5,15,3,Champions
CUST0705,115,16,428089.37,3,5,5,13,3,Champions
CUST0706,223,2,58533.84,2,2,2,6,1,Lost / Inactive
CUST0707,285,1,10633.48,2,1,1,4,2,At Risk
CUST0708,525,2,8451.57,1,2,1,4,2,At Risk
CUST0709,316,1,80352.58,1,1,3,5,2,At Risk
CUST0710,192,4,50495.87,2,4,2,8,1,Lost / Inactive
CUST0711,168,2,30990.81,3,2,2,7,1,Lost / Inactive
CUST0712,414,4,208983.68,1,4,4,9,2,At Risk
CUST0713,349,1,231948.32,1,1,4,6,2,At Risk
CUST0715,23,5,79871.36,5,4,3,12,1,Lost / Inactive
CUST0716,145,4,117192.39,3,4,3,10,1,Lost / Inactive
CUST0717,33,4,98432.4,4,4,3,11,1,Lost / Inactive
CUST0718,165,7,204631.9,3,4,4,11,0,Loyal Customers
CUST0719,453,1,55608.45,1,1,2,4,2,At Risk
CUST0720,74,7,363455.69,4,4,5,13,0,Loyal Customers
CUST0721,5,18,443531.96,5,5,5,15,3,Champions
CUST0722,488,3,247459.08,1,3,4,8,2,At Risk
CUST0723,2,2,11850.35,5,2,1,8,1,Lost / Inactive
CUST0724,10,15,378071.62,5,5,5,15,3,Champions
CUST0726,65,6,126794.12,4,4,3,11,0,Loyal Customers
CUST0727,4,1,48262.68,5,1,2,8,1,Lost / Inactive
CUST0728,91,3,168180.03,4,3,4,11,1,Lost / Inactive
CUST0729,635,1,52646.22,1,1,2,4,2,At Risk
CUST0730,126,1,188600.2,3,1,4,8,1,Lost / Inactive
CUST0731,269,4,69252.77,2,4,3,9,1,Lost / Inactive
CUST0732,432,1,6332.72,1,1,1,3,2,At Risk
CUST0733,411,1,37360.54,1,1,2,4,2,At Risk
CUST0734,60,11,741633.54,4,5,5,14,3,Champions
CUST0735,54,13,148979.61,4,5,3,12,0,Loyal Customers
CUST0736,475,1,14724.14,1,1,1,3,2,At Risk
CUST0737,17,19,431561.3,5,5,5,15,3,Champions
CUST0738,408,3,142670.84,1,3,3,7,2,At Risk
CUST0739,459,1,9103.58,1,1,1,3,2,At Risk
CUST0740,438,3,246234.55,1,3,4,8,2,At Risk
CUST0741,88,13,480051.63,4,5,5,14,3,Champions
CUST0742,10,13,431141.59,5,5,5,15,3,Champions
CUST0743,43,18,669598.11,4,5,5,14,3,Champions
CUST0744,37,13,240818.91,4,5,4,13,0,Loyal Customers
CUST0745,588,1,4417.86,1,1,1,3,2,At Risk
CUST0746,254,3,434142.54,2,3,5,10,0,Loyal Customers
CUST0747,211,2,31410.95,2,2,2,6,1,Lost / Inactive
CUST0748,308,2,15850.49,2,2,1,5,2,At Risk
CUST0750,14,17,733484.91,5,5,5,15,3,Champions
CUST0751,632,1,12826.92,1,1,1,3,2,At Risk
CUST0752,136,2,2616.33,3,2,1,6,1,Lost / Inactive
CUST0754,230,6,204980.68,2,4,4,10,0,Loyal Customers
CUST0755,215,2,32772.54,2,2,2,6,1,Lost / Inactive
CUST0756,120,16,585019.62,3,5,5,13,3,Champions
CUST0757,88,6,182122.17,4,4,4,12,0,Loyal Customers
CUST0758,332,3,147002.02,1,3,3,7,2,At Risk
CUST0759,466,4,290408.55,1,4,4,9,2,At Risk
CUST0760,319,1,2515.52,1,1,1,3,2,At Risk
CUST0761,93,3,140216.15,3,3,3,9,1,Lost / Inactive
CUST0762,105,8,307976.37,3,4,4,11,0,Loyal Customers
CUST0763,56,15,378553.34,4,5,5,14,3,Champions
CUST0764,436,3,58168.53,1,3,2,6,2,At Risk
CUST0765,55,9,75718.19,4,5,3,12,0,Loyal Customers
CUST0768,5,14,608952.76,5,5,5,15,3,Champions
CUST0769,99,1,10540.14,3,1,1,5,1,Lost / Inactive
CUST0770,323,6,52529.18,1,4,2,7,2,At Risk
CUST0771,82,1,2323.98,4,1,1,6,1,Lost / Inactive
CUST0772,38,3,84104.8,4,3,3,10,1,Lost / Inactive
CUST0773,23,16,294341.05,5,5,4,14,3,Champions
CUST0774,84,18,309442.33,4,5,4,13,3,Champions
CUST0775,140,3,133093.65,3,3,3,9,1,Lost / Inactive
CUST0776,486,1,90593.38,1,1,3,5,2,At Risk
CUST0777,101,2,144633.51,3,2,3,8,1,Lost / Inactive
CUST0778,372,1,2403.6,1,1,1,3,2,At Risk
CUST0779,548,1,2753.68,1,1,1,3,2,At Risk
CUST0780,17,1,13839.06,5,1,1,7,1,Lost / Inactive
CUST0781,234,8,145865.52,2,4,3,9,0,Loyal Customers
CUST0782,79,19,679838.7,4,5,5,14,3,Champions
CUST0783,60,3,75822.9,4,3,3,10,1,Lost / Inactive
CUST0784,253,2,73722.5,2,2,3,7,1,Lost / Inactive
CUST0785,216,5,104147.69,2,4,3,9,1,Lost / Inactive
CUST0786,90,4,306431.21,4,4,4,12,0,Loyal Customers
CUST0787,29,3,102542.48,5,3,3,11,1,Lost / Inactive
CUST0788,135,3,149281.5,3,3,3,9,1,Lost / Inactive
CUST0789,279,3,32459.31,2,3,2,7,1,Lost / Inactive
CUST0790,13,3,51692.34,5,3,2,10,1,Lost / Inactive
CUST0791,94,3,70741.46,3,3,3,9,1,Lost / Inactive
CUST0792,34,20,735298.53,4,5,5,14,3,Champions
CUST0793,17,6,64264.47,5,4,3,12,1,Lost / Inactive
CUST0794,3,27,514512.67,5,5,5,15,3,Champions
CUST0796,19,15,715721.02,5,5,5,15,3,Champions
CUST0797,176,1,24990.63,2,1,2,5,1,Lost / Inactive
CUST0798,158,2,23266.61,3,2,2,7,1,Lost / Inactive
CUST0799,58,1,3577.1,4,1,1,6,1,Lost / Inactive
CUST0800,199,2,13671.05,2,2,1,5,1,Lost / Inactive
CUST0801,160,1,21216.38,3,1,2,6,1,Lost / Inactive
CUST0802,21,13,503825.56,5,5,5,15,3,Champions
CUST0803,331,1,6875.41,1,1,1,3,2,At Risk
CUST0804,16,22,1152419.6,5,5,5,15,3,Champions
CUST0805,37,3,88687.5,4,3,3,10,1,Lost / Inactive
CUST0806,131,6,332685.25,3,4,5,12,0,Loyal Customers
CUST0807,338,1,2435.4,1,1,1,3,2,At Risk
CUST0808,71,5,152986.21,4,4,4,12,0,Loyal Customers
CUST0810,288,3,7015.28,2,3,1,6,2,At Risk
CUST0811,33,4,73602.96,4,4,3,11,1,Lost / Inactive
CUST0812,452,1,7601.96,1,1,1,3,2,At Risk
CUST0813,19,4,61287.89,5,4,2,11,1,Lost / Inactive
CUST0814,374,1,8863.52,1,1,1,3,2,At Risk
CUST0815,142,4,69815.71,3,4,3,10,1,Lost / Inactive
CUST0816,145,2,123412.63,3,2,3,8,1,Lost / Inactive
CUST0817,53,9,157693.12,4,5,4,13,0,Loyal Customers
CUST0818,329,2,8784.14,1,2,1,4,2,At Risk
CUST0819,520,2,6790.89,1,2,1,4,2,At Risk
CUST0820,137,3,50277.01,3,3,2,8,1,Lost / Inactive
CUST0821,479,2,21371.94,1,2,2,5,2,At Risk
CUST0822,22,3,244868.93,5,3,4,12,0,Loyal Customers
CUST0823,22,16,556285.94,5,5,5,15,3,Champions
CUST0824,218,3,206378.75,2,3,4,9,1,Lost / Inactive
CUST0825,586,4,180076.24,1,4,4,9,2,At Risk
CUST0826,22,4,176247.9,5,4,4,13,0,Loyal Customers
CUST0827,509,1,39580.88,1,1,2,4,2,At Risk
CUST0828,34,16,637509.58,4,5,5,14,3,Champions
CUST0829,92,13,216315.92,4,5,4,13,0,Loyal Customers
CUST0830,99,15,385277.0,3,5,5,13,3,Champions
CUST0831,25,14,315566.37,5,5,4,14,3,Champions
CUST0832,293,4,37204.34,2,4,2,8,2,At Risk
CUST0833,35,4,77320.73,4,4,3,11,1,Lost / Inactive
CUST0834,32,16,793411.58,5,5,5,15,3,Champions
CUST0835,309,3,72978.95,2,3,3,8,2,At Risk
CUST0836,103,1,11608.52,3,1,1,5,1,Lost / Inactive
CUST0837,13,14,554808.35,5,5,5,15,3,Champions
CUST0838,172,3,164528.62,3,3,4,10,1,Lost / Inactive
CUST0839,255,5,334904.76,2,4,5,11,0,Loyal Customers
CUST0840,10,18,700178.1,5,5,5,15,3,Champions
CUST0841,334,2,234238.09,1,2,4,7,2,At Risk
CUST0842,588,1,28032.76,1,1,2,4,2,At Risk
CUST0843,331,2,15963.87,1,2,1,4,2,At Risk
CUST0844,87,4,65084.59,4,4,3,11,1,Lost / Inactive
CUST0845,23,18,353708.09,5,5,5,15,3,Champions
CUST0846,5,2,69512.46,5,2,3,10,1,Lost / Inactive
CUST0847,228,3,132609.19,2,3,3,8,1,Lost / Inactive
CUST0848,104,8,152545.03,3,4,4,11,0,Loyal Customers
CUST0849,25,5,305163.79,5,4,4,13,0,Loyal Customers
CUST0850,49,19,414550.04,4,5,5,14,3,Champions
CUST0851,120,4,292483.55,3,4,4,11,0,Loyal Customers
CUST0853,28,4,125774.4,5,4,3,12,1,Lost / Inactive
CUST0854,58,3,8127.58,4,3,1,8,1,Lost / Inactive
CUST0855,148,5,223741.42,3,4,4,11,0,Loyal Customers
CUST0856,121,1,58235.36,3,1,2,6,1,Lost / Inactive
CUST0857,168,2,30470.5,3,2,2,7,1,Lost / Inactive
CUST0858,272,4,24203.29,2,4,2,8,1,Lost / Inactive
CUST0859,233,4,380772.53,2,4,5,11,0,Loyal Customers
CUST0860,166,10,308352.6,3,5,4,12,0,Loyal Customers
CUST0861,87,4,317216.54,4,4,4,12,0,Loyal Customers
CUST0864,253,3,179952.56,2,3,4,9,1,Lost / Inactive
CUST0865,39,18,670771.53,4,5,5,14,3,Champions
CUST0866,237,4,142718.86,2,4,3,9,1,Lost / Inactive
CUST0867,410,2,93977.1,1,2,3,6,2,At Risk
CUST0868,104,2,184494.58,3,2,4,9,1,Lost / Inactive
CUST0869,62,4,84915.53,4,4,3,11,1,Lost / Inactive
CUST0870,2,6,207561.69,5,4,4,13,0,Loyal Customers
CUST0871,359,3,403895.24,1,3,5,9,2,At Risk
CUST0872,228,2,13263.01,2,2,1,5,1,Lost / Inactive
CUST0873,142,3,169314.1,3,3,4,10,1,Lost / Inactive
CUST0874,223,2,18943.03,2,2,2,6,1,Lost / Inactive
CUST0875,25,11,284782.17,5,5,4,14,0,Loyal Customers
CUST0877,134,2,5972.96,3,2,1,6,1,Lost / Inactive
CUST0878,254,5,171292.91,2,4,4,10,1,Lost / Inactive
CUST0879,130,4,81448.42,3,4,3,10,1,Lost / Inactive
CUST0880,49,4,64147.39,4,4,2,10,1,Lost / Inactive
CUST0881,540,2,9736.81,1,2,1,4,2,At Risk
CUST0882,156,2,65785.74,3,2,3,8,1,Lost / Inactive
CUST0883,103,1,110360.52,3,1,3,7,1,Lost / Inactive
CUST0884,122,2,11256.79,3,2,1,6,1,Lost / Inactive
CUST0885,35,2,37898.97,4,2,2,8,1,Lost / Inactive
CUST0886,39,4,259297.93,4,4,4,12,0,Loyal Customers
CUST0887,490,4,98265.25,1,4,3,8,2,At Risk
CUST0888,20,4,248741.08,5,4,4,13,0,Loyal Customers
CUST0889,198,1,7623.05,2,1,1,4,1,Lost / Inactive
CUST0890,88,2,106384.66,4,2,3,9,1,Lost / Inactive
CUST0891,9,10,501913.61,5,5,5,15,3,Champions
CUST0893,113,2,5911.08,3,2,1,6,1,Lost / Inactive
CUST0894,68,3,71890.48,4,3,3,10,1,Lost / Inactive
CUST0895,215,1,229338.65,2,1,4,7,1,Lost / Inactive
CUST0896,119,1,41289.79,3,1,2,6,1,Lost / Inactive
CUST0898,20,6,452217.79,5,4,5,14,0,Loyal Customers
CUST0899,40,7,127106.51,4,4,3,11,0,Loyal Customers
CUST0900,238,1,15612.24,2,1,1,4,1,Lost / Inactive
CUST0901,309,3,14505.93,2,3,1,6,2,At Risk
CUST0902,32,14,1112876.29,5,5,5,15,3,Champions
CUST0903,131,2,61523.86,3,2,2,7,1,Lost / Inactive
CUST0904,682,1,28015.98,1,1,2,4,2,At Risk
CUST0905,104,2,81780.96,3,2,3,8,1,Lost / Inactive
CUST0906,97,1,1573.83,3,1,1,5,1,Lost / Inactive
CUST0907,110,3,11531.43,3,3,1,7,1,Lost / Inactive
CUST0908,158,3,44706.64,3,3,2,8,1,Lost / Inactive
CUST0909,18,3,100602.92,5,3,3,11,1,Lost / Inactive
CUST0910,139,4,78966.54,3,4,3,10,1,Lost / Inactive
CUST0911,109,16,824148.14,3,5,5,13,3,Champions
CUST0912,216,11,323050.75,2,5,5,12,0,Loyal Customers
CUST0913,13,3,60675.51,5,3,2,10,1,Lost / Inactive
CUST0914,227,1,9778.84,2,1,1,4,1,Lost / Inactive
CUST0915,85,17,450008.8,4,5,5,14,3,Champions
CUST0916,160,2,6835.19,3,2,1,6,1,Lost / Inactive
CUST0917,383,2,55740.57,1,2,2,5,2,At Risk
CUST0919,270,1,2433.18,2,1,1,4,1,Lost / Inactive
CUST0920,468,3,145122.35,1,3,3,7,2,At Risk
CUST0921,306,3,15521.45,2,3,1,6,2,At Risk
CUST0922,112,1,192367.56,3,1,4,8,1,Lost / Inactive
CUST0923,45,5,156607.59,4,4,4,12,0,Loyal Customers
CUST0924,59,3,14450.88,4,3,1,8,1,Lost / Inactive
CUST0925,57,14,329554.57,4,5,5,14,3,Champions
CUST0926,102,11,463212.82,3,5,5,13,3,Champions
CUST0927,502,2,153896.16,1,2,4,7,2,At Risk
CUST0928,101,4,57933.63,3,4,2,9,1,Lost / Inactive
CUST0929,111,3,349448.63,3,3,5,11,0,Loyal Customers
CUST0930,352,6,224081.3,1,4,4,9,2,At Risk
CUST0931,431,2,34910.76,1,2,2,5,2,At Risk
CUST0933,202,3,26907.7,2,3,2,7,1,Lost / Inactive
CUST0934,18,1,116164.64,5,1,3,9,1,Lost / Inactive
CUST0935,208,5,312733.71,2,4,4,10,0,Loyal Customers
CUST0936,444,2,10061.74,1,2,1,4,2,At Risk
CUST0937,339,2,105200.66,1,2,3,6,2,At Risk
CUST0938,270,1,2019.06,2,1,1,4,1,Lost / Inactive
CUST0939,23,4,46266.7,5,4,2,11,1,Lost / Inactive
CUST0940,34,18,624085.08,4,5,5,14,3,Champions
CUST0941,55,17,346376.04,4,5,5,14,3,Champions
CUST0942,137,4,217983.94,3,4,4,11,0,Loyal Customers
CUST0943,164,3,36430.18,3,3,2,8,1,Lost / Inactive
CUST0944,372,2,20819.54,1,2,2,5,2,At Risk
CUST0945,4,18,517553.62,5,5,5,15,3,Champions
CUST0946,556,1,2683.42,1,1,1,3,2,At Risk
CUST0947,264,4,151463.19,2,4,4,10,1,Lost / Inactive
CUST0948,312,4,279568.16,1,4,4,9,2,At Risk
CUST0949,120,3,110066.17,3,3,3,9,1,Lost / Inactive
CUST0950,104,1,30612.73,3,1,2,6,1,Lost / Inactive
CUST0951,7,2,20287.3,5,2,2,9,1,Lost / Inactive
CUST0952,161,12,352979.39,3,5,5,13,0,Loyal Customers
CUST0953,141,10,111536.44,3,5,3,11,0,Loyal Customers
CUST0954,53,3,125226.38,4,3,3,10,1,Lost / Inactive
CUST0955,184,13,255469.39,2,5,4,11,0,Loyal Customers
CUST0956,32,4,140102.35,5,4,3,12,1,Lost / Inactive
CUST0958,11,11,185845.74,5,5,4,14,0,Loyal Customers
CUST0959,73,3,25938.62,4,3,2,9,1,Lost / Inactive
CUST0960,109,4,60538.69,3,4,2,9,1,Lost / Inactive
CUST0961,240,2,65954.77,2,2,3,7,1,Lost / Inactive
CUST0962,38,3,20995.72,4,3,2,9,1,Lost / Inactive
CUST0963,1,6,434473.09,5,4,5,14,0,Loyal Customers
CUST0964,257,1,427.66,2,1,1,4,1,Lost / Inactive
CUST0965,17,3,16442.59,5,3,1,9,1,Lost / Inactive
CUST0966,20,3,166339.07,5,3,4,12,1,Lost / Inactive
CUST0967,43,6,268907.44,4,4,4,12,0,Loyal Customers
CUST0968,272,1,7402.25,2,1,1,4,1,Lost / Inactive
CUST0969,313,2,158735.73,1,2,4,7,2,At Risk
CUST0970,148,3,143340.37,3,3,3,9,1,Lost / Inactive
CUST0971,48,17,298290.8,4,5,4,13,3,Champions
CUST0972,345,2,163580.92,1,2,4,7,2,At Risk
CUST0973,177,3,121704.21,2,3,3,8,1,Lost / Inactive
CUST0974,274,3,196198.74,2,3,4,9,1,Lost / Inactive
CUST0975,77,4,43487.38,4,4,2,10,1,Lost / Inactive
CUST0976,204,3,36000.13,2,3,2,7,1,Lost / Inactive
CUST0977,1,14,590112.51,5,5,5,15,3,Champions
CUST0978,502,2,198064.18,1,2,4,7,2,At Risk
CUST0979,529,2,6236.61,1,2,1,4,2,At Risk
CUST0982,6,14,738663.49,5,5,5,15,3,Champions
CUST0983,25,6,128427.28,5,4,3,12,0,Loyal Customers
CUST0984,84,3,76311.35,4,3,3,10,1,Lost / Inactive
CUST0986,255,2,26341.36,2,2,2,6,1,Lost / Inactive
CUST0987,97,5,100222.39,3,4,3,10,1,Lost / Inactive
CUST0988,12,13,585722.02,5,5,5,15,3,Champions
CUST0989,64,3,122033.57,4,3,3,10,1,Lost / Inactive
CUST0990,101,12,346831.76,3,5,5,13,0,Loyal Customers
CUST0991,105,4,317805.78,3,4,4,11,0,Loyal Customers
CUST0992,43,24,413714.44,4,5,5,14,3,Champions
CUST0993,22,14,507005.86,5,5,5,15,3,Champions
CUST0994,182,5,53527.31,2,4,2,8,1,Lost / Inactive
CUST0995,4,4,37989.69,5,4,2,11,1,Lost / Inactive
CUST0996,630,1,3508.68,1,1,1,3,2,At Risk
CUST0997,285,3,7147.04,2,3,1,6,1,Lost / Inactive
CUST0998,12,4,141977.92,5,4,3,12,1,Lost / Inactive
CUST0999,11,25,799631.03,5,5,5,15,3,Champions
CUST1000,145,2,340792.38,3,2,5,10,0,Loyal Customers
