customer_id,gender,age_group,city,signup_date
CUST0001,Male,26-35,Kolkata,2021-01-01
CUST0002,Female,36-45,Bangalore,2021-01-01
CUST0003,Female,46-55,Kolkata,2021-01-01
CUST0004,Female,46-55,Ahmedabad,2021-01-02
CUST0005,Male,46-55,Surat,2021-01-02
CUST0006,Male,36-45,Pune,2021-01-02
CUST0007,Male,36-45,Surat,2021-01-03
CUST0008,Female,46-55,Jaipur,2021-01-03
CUST0009,Female,26-35,Pune,2021-01-04
CUST0010,Female,36-45,Jaipur,2021-01-04
CUST0011,Male,26-35,Chennai,2021-01-04
CUST0012,Female,55+,Ahmedabad,2021-01-05
CUST0013,Female,55+,Chennai,2021-01-05
CUST0014,Male,18-25,Delhi,2021-01-05
CUST0015,Male,36-45,Surat,2021-01-06
CUST0016,Male,55+,Jaipur,2021-01-06
CUST0017,Male,26-35,Hyderabad,2021-01-07
CUST0018,Female,36-45,Chennai,2021-01-07
CUST0019,Male,55+,Delhi,2021-01-07
CUST0020,Male,18-25,Mumbai,2021-01-08
CUST0021,Female,36-45,Kolkata,2021-01-08
CUST0022,Male,26-35,Pune,2021-01-08
CUST0023,Male,55+,Delhi,2021-01-09
CUST0024,Male,55+,Ahmedabad,2021-01-09
CUST0025,Male,55+,Chennai,2021-01-10
CUST0026,Female,26-35,Ahmedabad,2021-01-10
CUST0027,Male,46-55,Kolkata,2021-01-10
CUST0028,Female,46-55,Hyderabad,2021-01-11
CUST0029,Female,26-35,Surat,2021-01-11
CUST0030,Male,46-55,Surat,2021-01-11
CUST0031,Female,18-25,Ahmedabad,2021-01-12
CUST0032,Male,36-45,Jaipur,2021-01-12
CUST0033,Male,26-35,Hyderabad,2021-01-13
CUST0034,Female,18-25,Surat,2021-01-13
CUST0035,Female,18-25,Hyderabad,2021-01-13
CUST0036,Female,36-45,Delhi,2021-01-14
CUST0037,Male,26-35,Hyderabad,2021-01-14
CUST0038,Male,36-45,Bangalore,2021-01-14
CUST0039,Female,18-25,Kolkata,2021-01-15
CUST0040,Male,26-35,Surat,2021-01-15
CUST0041,Male,36-45,Hyderabad,2021-01-16
CUST0042,Female,46-55,Ahmedabad,2021-01-16
CUST0043,Male,26-35,Mumbai,2021-01-16
CUST0044,Female,36-45,Bangalore,2021-01-17
CUST0045,Male,46-55,Bangalore,2021-01-17
CUST0046,Female,36-45,Jaipur,2021-01-17
CUST0047,Male,26-35,Hyderabad,2021-01-18
CUST0048,Female,18-25,Jaipur,2021-01-18
CUST0049,Female,46-55,Jaipur,2021-01-19
CUST0050,Male,18-25,Mumbai,2021-01-19
CUST0051,Female,46-55,Delhi,2021-01-19
CUST0052,Female,36-45,Hyderabad,2021-01-20
CUST0053,Female,55+,Chennai,2021-01-20
CUST0054,Female,46-55,Surat,2021-01-20
CUST0055,Female,55+,Jaipur,2021-01-21
CUST0056,Female,26-35,Kolkata,2021-01-21
CUST0057,Male,46-55,Pune,2021-01-22
CUST0058,Male,26-35,Kolkata,2021-01-22
CUST0059,Male,26-35,Mumbai,2021-01-22
CUST0060,Male,36-45,Mumbai,2021-01-23
CUST0061,Male,46-55,Ahmedabad,2021-01-23
CUST0062,Male,55+,Delhi,2021-01-23
CUST0063,Female,46-55,Surat,2021-01-24
CUST0064,Male,26-35,Jaipur,2021-01-24
CUST0065,Male,26-35,Kolkata,2021-01-25
CUST0066,Female,46-55,Pune,2021-01-25
CUST0067,Male,26-35,Mumbai,2021-01-25
CUST0068,Female,18-25,Mumbai,2021-01-26
CUST0069,Male,26-35,Delhi,2021-01-26
CUST0070,Female,26-35,Pune,2021-01-26
CUST0071,Female,26-35,Pune,2021-01-27
CUST0072,Male,26-35,Delhi,2021-01-27
CUST0073,Male,18-25,Mumbai,2021-01-28
CUST0074,Female,18-25,Surat,2021-01-28
CUST0075,Female,55+,Hyderabad,2021-01-28
CUST0076,Female,26-35,Hyderabad,2021-01-29
CUST0077,Female,26-35,Delhi,2021-01-29
CUST0078,Male,36-45,Pune,2021-01-29
CUST0079,Male,26-35,Jaipur,2021-01-30
CUST0080,Male,55+,Delhi,2021-01-30
CUST0081,Female,46-55,Surat,2021-01-31
CUST0082,Female,18-25,Delhi,2021-01-31
CUST0083,Male,26-35,Bangalore,2021-01-31
CUST0084,Male,46-55,Kolkata,2021-02-01
CUST0085,Male,55+,Pune,2021-02-01
CUST0086,Male,26-35,Ahmedabad,2021-02-01
CUST0087,Female,36-45,Ahmedabad,2021-02-02
CUST0088,Female,18-25,Pune,2021-02-02
CUST0089,Female,55+,Surat,2021-02-03
CUST0090,Male,26-35,Bangalore,2021-02-03
CUST0091,Male,55+,Bangalore,2021-02-03
CUST0092,Female,36-45,Mumbai,2021-02-04
CUST0093,Female,36-45,Kolkata,2021-02-04
CUST0094,Female,36-45,Hyderabad,2021-02-04
CUST0095,Female,26-35,Chennai,2021-02-05
CUST0096,Female,18-25,Surat,2021-02-05
CUST0097,Female,26-35,Chennai,2021-02-06
CUST0098,Male,26-35,Chennai,2021-02-06
CUST0099,Male,46-55,Pune,2021-02-06
CUST0100,Male,26-35,Ahmedabad,2021-02-07
CUST0101,Male,18-25,Ahmedabad,2021-02-07
CUST0102,Female,55+,Hyderabad,2021-02-07
CUST0103,Male,46-55,Pune,2021-02-08
CUST0104,Female,55+,Chennai,2021-02-08
CUST0105,Female,55+,Jaipur,2021-02-09
CUST0106,Male,18-25,Ahmedabad,2021-02-09
CUST0107,Male,26-35,Surat,2021-02-09
CUST0108,Female,46-55,Surat,2021-02-10
CUST0109,Male,36-45,Mumbai,2021-02-10
CUST0110,Male,18-25,Delhi,2021-02-10
CUST0111,Male,46-55,Jaipur,2021-02-11
CUST0112,Male,26-35,Ahmedabad,2021-02-11
CUST0113,Female,26-35,Bangalore,2021-02-12
CUST0114,Female,36-45,Ahmedabad,2021-02-12
CUST0115,Female,36-45,Mumbai,2021-02-12
CUST0116,Female,36-45,Surat,2021-02-13
CUST0117,Female,18-25,Chennai,2021-02-13
CUST0118,Male,46-55,Bangalore,2021-02-13
CUST0119,Female,26-35,Pune,2021-02-14
CUST0120,Female,18-25,Kolkata,2021-02-14
CUST0121,Female,46-55,Chennai,2021-02-15
CUST0122,Female,55+,Kolkata,2021-02-15
CUST0123,Male,46-55,Jaipur,2021-02-15
CUST0124,Male,46-55,Delhi,2021-02-16
CUST0125,Male,36-45,Bangalore,2021-02-16
CUST0126,Male,36-45,Hyderabad,2021-02-16
CUST0127,Female,18-25,Bangalore,2021-02-17
CUST0128,Female,26-35,Ahmedabad,2021-02-17
CUST0129,Male,26-35,Surat,2021-02-18
CUST0130,Female,26-35,Ahmedabad,2021-02-18
CUST0131,Male,36-45,Ahmedabad,2021-02-18
CUST0132,Male,36-45,Jaipur,2021-02-19
CUST0133,Male,18-25,Chennai,2021-02-19
CUST0134,Male,26-35,Hyderabad,2021-02-19
CUST0135,Female,36-45,Hyderabad,2021-02-20
CUST0136,Male,18-25,Ahmedabad,2021-02-20
CUST0137,Female,46-55,Kolkata,2021-02-21
CUST0138,Female,36-45,Jaipur,2021-02-21
CUST0139,Male,36-45,Ahmedabad,2021-02-21
CUST0140,Female,36-45,Delhi,2021-02-22
CUST0141,Female,46-55,Surat,2021-02-22
CUST0142,Male,26-35,Chennai,2021-02-22
CUST0143,Female,36-45,Pune,2021-02-23
CUST0144,Male,36-45,Delhi,2021-02-23
CUST0145,Male,26-35,Kolkata,2021-02-24
CUST0146,Male,46-55,Bangalore,2021-02-24
CUST0147,Female,46-55,Bangalore,2021-02-24
CUST0148,Female,36-45,Delhi,2021-02-25
CUST0149,Male,46-55,Ahmedabad,2021-02-25
CUST0150,Male,46-55,Pune,2021-02-25
CUST0151,Female,36-45,Mumbai,2021-02-26
CUST0152,Male,46-55,Mumbai,2021-02-26
CUST0153,Male,36-45,Kolkata,2021-02-27
CUST0154,Female,36-45,Ahmedabad,2021-02-27
CUST0155,Female,36-45,Hyderabad,2021-02-27
CUST0156,Male,46-55,Hyderabad,2021-02-28
CUST0157,Female,18-25,Chennai,2021-02-28
CUST0158,Female,46-55,Pune,2021-02-28
CUST0159,Male,46-55,Pune,2021-03-01
CUST0160,Female,18-25,Bangalore,2021-03-01
CUST0161,Male,46-55,Jaipur,2021-03-02
CUST0162,Female,18-25,Kolkata,2021-03-02
CUST0163,Female,26-35,Mumbai,2021-03-02
CUST0164,Female,46-55,Kolkata,2021-03-03
CUST0165,Male,18-25,Hyderabad,2021-03-03
CUST0166,Female,46-55,Hyderabad,2021-03-03
CUST0167,Male,46-55,Delhi,2021-03-04
CUST0168,Male,36-45,Chennai,2021-03-04
CUST0169,Male,18-25,Pune,2021-03-05
CUST0170,Female,26-35,Surat,2021-03-05
CUST0171,Female,36-45,Kolkata,2021-03-05
CUST0172,Male,55+,Hyderabad,2021-03-06
CUST0173,Female,36-45,Jaipur,2021-03-06
CUST0174,Male,26-35,Bangalore,2021-03-06
CUST0175,Female,36-45,Mumbai,2021-03-07
CUST0176,Male,36-45,Chennai,2021-03-07
CUST0177,Female,46-55,Jaipur,2021-03-08
CUST0178,Male,18-25,Chennai,2021-03-08
CUST0179,Female,46-55,Delhi,2021-03-08
CUST0180,Male,36-45,Surat,2021-03-09
CUST0181,Male,55+,Hyderabad,2021-03-09
CUST0182,Male,26-35,Bangalore,2021-03-09
CUST0183,Female,36-45,Jaipur,2021-03-10
CUST0184,Female,55+,Chennai,2021-03-10
CUST0185,Male,18-25,Pune,2021-03-11
CUST0186,Female,55+,Delhi,2021-03-11
CUST0187,Female,36-45,Pune,2021-03-11
CUST0188,Female,18-25,Bangalore,2021-03-12
CUST0189,Female,26-35,Jaipur,2021-03-12
CUST0190,Male,36-45,Delhi,2021-03-12
CUST0191,Male,18-25,Jaipur,2021-03-13
CUST0192,Female,36-45,Hyderabad,2021-03-13
CUST0193,Female,26-35,Ahmedabad,2021-03-14
CUST0194,Female,36-45,Delhi,2021-03-14
CUST0195,Male,18-25,Pune,2021-03-14
CUST0196,Male,46-55,Bangalore,2021-03-15
CUST0197,Female,55+,Surat,2021-03-15
CUST0198,Female,55+,Hyderabad,2021-03-15
CUST0199,Female,46-55,Ahmedabad,2021-03-16
CUST0200,Female,18-25,Surat,2021-03-16
CUST0201,Female,46-55,Mumbai,2021-03-17
CUST0202,Male,18-25,Hyderabad,2021-03-17
CUST0203,Male,18-25,Bangalore,2021-03-17
CUST0204,Female,26-35,Chennai,2021-03-18
CUST0205,Female,36-45,Delhi,2021-03-18
CUST0206,Male,46-55,Jaipur,2021-03-18
CUST0207,Male,36-45,Bangalore,2021-03-19
CUST0208,Female,26-35,Delhi,2021-03-19
CUST0209,Male,26-35,Surat,2021-03-20
CUST0210,Male,55+,Jaipur,2021-03-20
CUST0211,Female,26-35,Kolkata,2021-03-20
CUST0212,Female,26-35,Pune,2021-03-21
CUST0213,Female,18-25,Mumbai,2021-03-21
CUST0214,Male,46-55,Hyderabad,2021-03-21
CUST0215,Female,36-45,Bangalore,2021-03-22
CUST0216,Male,26-35,Mumbai,2021-03-22
CUST0217,Male,18-25,Chennai,2021-03-23
CUST0218,Female,36-45,Delhi,2021-03-23
CUST0219,Female,36-45,Delhi,2021-03-23
CUST0220,Female,26-35,Bangalore,2021-03-24
CUST0221,Female,55+,Ahmedabad,2021-03-24
CUST0222,Female,18-25,Ahmedabad,2021-03-24
CUST0223,Male,26-35,Kolkata,2021-03-25
CUST0224,Male,55+,Pune,2021-03-25
CUST0225,Male,26-35,Jaipur,2021-03-26
CUST0226,Male,36-45,Chennai,2021-03-26
CUST0227,Female,26-35,Mumbai,2021-03-26
CUST0228,Male,26-35,Ahmedabad,2021-03-27
CUST0229,Female,55+,Kolkata,2021-03-27
CUST0230,Female,26-35,Kolkata,2021-03-27
CUST0231,Female,46-55,Bangalore,2021-03-28
CUST0232,Female,26-35,Chennai,2021-03-28
CUST0233,Female,26-35,Surat,2021-03-29
CUST0234,Female,18-25,Jaipur,2021-03-29
CUST0235,Male,36-45,Pune,2021-03-29
CUST0236,Female,26-35,Hyderabad,2021-03-30
CUST0237,Male,46-55,Bangalore,2021-03-30
CUST0238,Male,26-35,Jaipur,2021-03-30
CUST0239,Female,55+,Hyderabad,2021-03-31
CUST0240,Male,26-35,Hyderabad,2021-03-31
CUST0241,Female,46-55,Chennai,2021-04-01
CUST0242,Female,46-55,Chennai,2021-04-01
CUST0243,Female,46-55,Mumbai,2021-04-01
CUST0244,Male,46-55,Kolkata,2021-04-02
CUST0245,Male,46-55,Jaipur,2021-04-02
CUST0246,Female,36-45,Bangalore,2021-04-02
CUST0247,Male,18-25,Delhi,2021-04-03
CUST0248,Female,18-25,Bangalore,2021-04-03
CUST0249,Female,55+,Mumbai,2021-04-04
CUST0250,Female,36-45,Pune,2021-04-04
CUST0251,Male,46-55,Kolkata,2021-04-04
CUST0252,Male,36-45,Delhi,2021-04-05
CUST0253,Female,18-25,Ahmedabad,2021-04-05
CUST0254,Male,18-25,Pune,2021-04-05
CUST0255,Male,36-45,Chennai,2021-04-06
CUST0256,Female,26-35,Hyderabad,2021-04-06
CUST0257,Female,26-35,Ahmedabad,2021-04-07
CUST0258,Female,36-45,Bangalore,2021-04-07
CUST0259,Female,18-25,Bangalore,2021-04-07
CUST0260,Male,36-45,Chennai,2021-04-08
CUST0261,Female,26-35,Mumbai,2021-04-08
CUST0262,Female,46-55,Jaipur,2021-04-08
CUST0263,Male,26-35,Ahmedabad,2021-04-09
CUST0264,Female,26-35,Ahmedabad,2021-04-09
CUST0265,Female,18-25,Surat,2021-04-10
CUST0266,Female,18-25,Pune,2021-04-10
CUST0267,Female,26-35,Kolkata,2021-04-10
CUST0268,Female,26-35,Pune,2021-04-11
CUST0269,Male,36-45,Jaipur,2021-04-11
CUST0270,Male,26-35,Bangalore,2021-04-11
CUST0271,Female,36-45,Bangalore,2021-04-12
CUST0272,Female,46-55,Bangalore,2021-04-12
CUST0273,Female,46-55,Surat,2021-04-13
CUST0274,Female,18-25,Bangalore,2021-04-13
CUST0275,Female,36-45,Jaipur,2021-04-13
CUST0276,Female,18-25,Chennai,2021-04-14
CUST0277,Female,26-35,Kolkata,2021-04-14
CUST0278,Female,55+,Jaipur,2021-04-14
CUST0279,Female,18-25,Kolkata,2021-04-15
CUST0280,Female,36-45,Jaipur,2021-04-15
CUST0281,Female,36-45,Bangalore,2021-04-16
CUST0282,Male,36-45,Chennai,2021-04-16
CUST0283,Male,36-45,Ahmedabad,2021-04-16
CUST0284,Male,18-25,Pune,2021-04-17
CUST0285,Female,26-35,Hyderabad,2021-04-17
CUST0286,Male,36-45,Chennai,2021-04-17
CUST0287,Male,18-25,Ahmedabad,2021-04-18
CUST0288,Female,26-35,Mumbai,2021-04-18
CUST0289,Male,18-25,Jaipur,2021-04-19
CUST0290,Female,18-25,Mumbai,2021-04-19
CUST0291,Male,26-35,Ahmedabad,2021-04-19
CUST0292,Male,18-25,Chennai,2021-04-20
CUST0293,Female,36-45,Jaipur,2021-04-20
CUST0294,Male,36-45,Hyderabad,2021-04-20
CUST0295,Male,46-55,Bangalore,2021-04-21
CUST0296,Female,26-35,Jaipur,2021-04-21
CUST0297,Female,18-25,Jaipur,2021-04-22
CUST0298,Male,18-25,Chennai,2021-04-22
CUST0299,Female,36-45,Chennai,2021-04-22
CUST0300,Male,36-45,Ahmedabad,2021-04-23
CUST0301,Male,18-25,Delhi,2021-04-23
CUST0302,Female,55+,Jaipur,2021-04-23
CUST0303,Female,18-25,Pune,2021-04-24
CUST0304,Female,36-45,Jaipur,2021-04-24
CUST0305,Female,36-45,Ahmedabad,2021-04-25
CUST0306,Female,46-55,Kolkata,2021-04-25
CUST0307,Female,36-45,Mumbai,2021-04-25
CUST0308,Male,46-55,Bangalore,2021-04-26
CUST0309,Female,26-35,Delhi,2021-04-26
CUST0310,Male,46-55,Hyderabad,2021-04-26
CUST0311,Male,18-25,Hyderabad,2021-04-27
CUST0312,Male,46-55,Hyderabad,2021-04-27
CUST0313,Male,36-45,Chennai,2021-04-28
CUST0314,Female,46-55,Hyderabad,2021-04-28
CUST0315,Female,26-35,Bangalore,2021-04-28
CUST0316,Female,36-45,Mumbai,2021-04-29
CUST0317,Male,36-45,Hyderabad,2021-04-29
CUST0318,Male,46-55,Jaipur,2021-04-29
CUST0319,Male,18-25,Jaipur,2021-04-30
CUST0320,Male,18-25,Chennai,2021-04-30
CUST0321,Female,26-35,Bangalore,2021-05-01
CUST0322,Female,18-25,Mumbai,2021-05-01
CUST0323,Female,46-55,Delhi,2021-05-01
CUST0324,Male,26-35,Ahmedabad,2021-05-02
CUST0325,Female,55+,Mumbai,2021-05-02
CUST0326,Female,26-35,Ahmedabad,2021-05-02
CUST0327,Female,26-35,Kolkata,2021-05-03
CUST0328,Female,46-55,Ahmedabad,2021-05-03
CUST0329,Male,36-45,Pune,2021-05-04
CUST0330,Male,36-45,Jaipur,2021-05-04
CUST0331,Male,36-45,Bangalore,2021-05-04
CUST0332,Female,36-45,Surat,2021-05-05
CUST0333,Male,26-35,Chennai,2021-05-05
CUST0334,Male,55+,Pune,2021-05-05
CUST0335,Male,55+,Ahmedabad,2021-05-06
CUST0336,Male,36-45,Hyderabad,2021-05-06
CUST0337,Female,26-35,Bangalore,2021-05-07
CUST0338,Female,36-45,Pune,2021-05-07
CUST0339,Male,18-25,Chennai,2021-05-07
CUST0340,Male,18-25,Jaipur,2021-05-08
CUST0341,Female,26-35,Bangalore,2021-05-08
CUST0342,Male,26-35,Chennai,2021-05-08
CUST0343,Male,46-55,Kolkata,2021-05-09
CUST0344,Male,36-45,Kolkata,2021-05-09
CUST0345,Male,46-55,Chennai,2021-05-10
CUST0346,Female,26-35,Pune,2021-05-10
CUST0347,Female,26-35,Bangalore,2021-05-10
CUST0348,Male,26-35,Pune,2021-05-11
CUST0349,Male,55+,Delhi,2021-05-11
CUST0350,Female,18-25,Ahmedabad,2021-05-11
CUST0351,Female,46-55,Delhi,2021-05-12
CUST0352,Female,36-45,Kolkata,2021-05-12
CUST0353,Female,26-35,Jaipur,2021-05-13
CUST0354,Male,36-45,Mumbai,2021-05-13
CUST0355,Male,36-45,Ahmedabad,2021-05-13
CUST0356,Female,46-55,Kolkata,2021-05-14
CUST0357,Male,55+,Pune,2021-05-14
CUST0358,Female,26-35,Pune,2021-05-14
CUST0359,Female,26-35,Pune,2021-05-15
CUST0360,Female,36-45,Jaipur,2021-05-15
CUST0361,Male,55+,Delhi,2021-05-16
CUST0362,Female,26-35,Mumbai,2021-05-16
CUST0363,Male,36-45,Pune,2021-05-16
CUST0364,Female,36-45,Surat,2021-05-17
CUST0365,Female,46-55,Ahmedabad,2021-05-17
CUST0366,Male,18-25,Bangalore,2021-05-17
CUST0367,Female,36-45,Surat,2021-05-18
CUST0368,Female,55+,Mumbai,2021-05-18
CUST0369,Male,18-25,Jaipur,2021-05-19
CUST0370,Male,26-35,Mumbai,2021-05-19
CUST0371,Male,55+,Bangalore,2021-05-19
CUST0372,Male,26-35,Ahmedabad,2021-05-20
CUST0373,Male,46-55,Bangalore,2021-05-20
CUST0374,Female,36-45,Chennai,2021-05-20
CUST0375,Male,26-35,Ahmedabad,2021-05-21
CUST0376,Male,46-55,Mumbai,2021-05-21
CUST0377,Female,26-35,Pune,2021-05-22
CUST0378,Male,36-45,Mumbai,2021-05-22
CUST0379,Female,26-35,Mumbai,2021-05-22
CUST0380,Male,36-45,Ahmedabad,2021-05-23
CUST0381,Male,18-25,Chennai,2021-05-23
CUST0382,Female,26-35,Mumbai,2021-05-23
CUST0383,Female,55+,Surat,2021-05-24
CUST0384,Female,26-35,Kolkata,2021-05-24
CUST0385,Female,36-45,Hyderabad,2021-05-25
CUST0386,Female,26-35,Hyderabad,2021-05-25
CUST0387,Male,46-55,Mumbai,2021-05-25
CUST0388,Male,18-25,Surat,2021-05-26
CUST0389,Female,55+,Pune,2021-05-26
CUST0390,Female,26-35,Jaipur,2021-05-26
CUST0391,Female,26-35,Jaipur,2021-05-27
CUST0392,Male,18-25,Ahmedabad,2021-05-27
CUST0393,Male,18-25,Hyderabad,2021-05-28
CUST0394,Female,36-45,Mumbai,2021-05-28
CUST0395,Male,26-35,Jaipur,2021-05-28
CUST0396,Female,46-55,Mumbai,2021-05-29
CUST0397,Female,26-35,Ahmedabad,2021-05-29
CUST0398,Male,26-35,Hyderabad,2021-05-29
CUST0399,Female,36-45,Bangalore,2021-05-30
CUST0400,Female,36-45,Kolkata,2021-05-30
CUST0401,Male,18-25,Kolkata,2021-05-31
CUST0402,Female,18-25,Jaipur,2021-05-31
CUST0403,Female,18-25,Kolkata,2021-05-31
CUST0404,Female,46-55,Bangalore,2021-06-01
CUST0405,Male,36-45,Mumbai,2021-06-01
CUST0406,Female,26-35,Ahmedabad,2021-06-01
CUST0407,Male,46-55,Bangalore,2021-06-02
CUST0408,Male,46-55,Ahmedabad,2021-06-02
CUST0409,Female,36-45,Ahmedabad,2021-06-03
CUST0410,Male,46-55,Hyderabad,2021-06-03
CUST0411,Male,26-35,Mumbai,2021-06-03
CUST0412,Female,18-25,Surat,2021-06-04
CUST0413,Female,26-35,Kolkata,2021-06-04
CUST0414,Female,18-25,Surat,2021-06-04
CUST0415,Female,36-45,Hyderabad,2021-06-05
CUST0416,Male,55+,Ahmedabad,2021-06-05
CUST0417,Male,18-25,Jaipur,2021-06-06
CUST0418,Male,18-25,Kolkata,2021-06-06
CUST0419,Female,26-35,Kolkata,2021-06-06
CUST0420,Female,55+,Mumbai,2021-06-07
CUST0421,Female,26-35,Chennai,2021-06-07
CUST0422,Female,36-45,Delhi,2021-06-07
CUST0423,Male,18-25,Delhi,2021-06-08
CUST0424,Female,18-25,Delhi,2021-06-08
CUST0425,Male,55+,Chennai,2021-06-09
CUST0426,Female,55+,Mumbai,2021-06-09
CUST0427,Male,18-25,Chennai,2021-06-09
CUST0428,Female,55+,Delhi,2021-06-10
CUST0429,Male,36-45,Hyderabad,2021-06-10
CUST0430,Male,46-55,Bangalore,2021-06-10
CUST0431,Male,26-35,Ahmedabad,2021-06-11
CUST0432,Female,36-45,Chennai,2021-06-11
CUST0433,Female,36-45,Mumbai,2021-06-12
CUST0434,Male,36-45,Mumbai,2021-06-12
CUST0435,Male,18-25,Surat,2021-06-12
CUST0436,Female,18-25,Bangalore,2021-06-13
CUST0437,Male,26-35,Jaipur,2021-06-13
CUST0438,Female,36-45,Kolkata,2021-06-13
CUST0439,Female,26-35,Delhi,2021-06-14
CUST0440,Male,36-45,Jaipur,2021-06-14
CUST0441,Male,55+,Surat,2021-06-15
CUST0442,Female,18-25,Delhi,2021-06-15
CUST0443,Male,36-45,Bangalore,2021-06-15
CUST0444,Male,26-35,Surat,2021-06-16
CUST0445,Female,46-55,Delhi,2021-06-16
CUST0446,Female,18-25,Bangalore,2021-06-16
CUST0447,Female,36-45,Pune,2021-06-17
CUST0448,Female,46-55,Jaipur,2021-06-17
CUST0449,Male,55+,Jaipur,2021-06-18
CUST0450,Male,36-45,Kolkata,2021-06-18
CUST0451,Female,36-45,Bangalore,2021-06-18
CUST0452,Female,36-45,Chennai,2021-06-19
CUST0453,Male,46-55,Pune,2021-06-19
CUST0454,Female,36-45,Hyderabad,2021-06-19
CUST0455,Male,18-25,Delhi,2021-06-20
CUST0456,Female,55+,Pune,2021-06-20
CUST0457,Male,36-45,Bangalore,2021-06-21
CUST0458,Male,36-45,Ahmedabad,2021-06-21
CUST0459,Male,26-35,Delhi,2021-06-21
CUST0460,Male,36-45,Mumbai,2021-06-22
CUST0461,Male,26-35,Jaipur,2021-06-22
CUST0462,Female,36-45,Bangalore,2021-06-22
CUST0463,Female,18-25,Mumbai,2021-06-23
CUST0464,Female,36-45,Kolkata,2021-06-23
CUST0465,Female,55+,Surat,2021-06-24
CUST0466,Male,18-25,Hyderabad,2021-06-24
CUST0467,Male,55+,Hyderabad,2021-06-24
CUST0468,Female,26-35,Mumbai,2021-06-25
CUST0469,Male,46-55,Jaipur,2021-06-25
CUST0470,Female,46-55,Kolkata,2021-06-25
CUST0471,Male,36-45,Ahmedabad,2021-06-26
CUST0472,Female,46-55,Jaipur,2021-06-26
CUST0473,Male,46-55,Pune,2021-06-27
CUST0474,Female,26-35,Hyderabad,2021-06-27
CUST0475,Female,26-35,Pune,2021-06-27
CUST0476,Female,36-45,Delhi,2021-06-28
CUST0477,Male,46-55,Chennai,2021-06-28
CUST0478,Female,46-55,Bangalore,2021-06-28
CUST0479,Female,46-55,Kolkata,2021-06-29
CUST0480,Female,26-35,Jaipur,2021-06-29
CUST0481,Female,46-55,Hyderabad,2021-06-30
CUST0482,Female,18-25,Pune,2021-06-30
CUST0483,Male,36-45,Surat,2021-06-30
CUST0484,Female,18-25,Delhi,2021-07-01
CUST0485,Female,26-35,Bangalore,2021-07-01
CUST0486,Female,26-35,Bangalore,2021-07-01
CUST0487,Male,26-35,Jaipur,2021-07-02
CUST0488,Male,36-45,Kolkata,2021-07-02
CUST0489,Female,26-35,Ahmedabad,2021-07-03
CUST0490,Female,26-35,Surat,2021-07-03
CUST0491,Male,26-35,Jaipur,2021-07-03
CUST0492,Female,26-35,Pune,2021-07-04
CUST0493,Male,26-35,Chennai,2021-07-04
CUST0494,Male,18-25,Mumbai,2021-07-04
CUST0495,Male,36-45,Ahmedabad,2021-07-05
CUST0496,Male,36-45,Kolkata,2021-07-05
CUST0497,Female,36-45,Delhi,2021-07-06
CUST0498,Male,26-35,Ahmedabad,2021-07-06
CUST0499,Female,26-35,Hyderabad,2021-07-06
CUST0500,Female,46-55,Kolkata,2021-07-07
CUST0501,Female,36-45,Chennai,2021-07-07
CUST0502,Female,26-35,Hyderabad,2021-07-07
CUST0503,Male,18-25,Ahmedabad,2021-07-08
CUST0504,Female,26-35,Mumbai,2021-07-08
CUST0505,Female,26-35,Mumbai,2021-07-09
CUST0506,Male,26-35,Chennai,2021-07-09
CUST0507,Female,36-45,Bangalore,2021-07-09
CUST0508,Female,36-45,Surat,2021-07-10
CUST0509,Female,36-45,Delhi,2021-07-10
CUST0510,Female,46-55,Bangalore,2021-07-10
CUST0511,Female,46-55,Mumbai,2021-07-11
CUST0512,Male,36-45,Mumbai,2021-07-11
CUST0513,Female,55+,Pune,2021-07-12
CUST0514,Female,18-25,Hyderabad,2021-07-12
CUST0515,Male,26-35,Ahmedabad,2021-07-12
CUST0516,Male,18-25,Delhi,2021-07-13
CUST0517,Male,36-45,Chennai,2021-07-13
CUST0518,Female,46-55,Ahmedabad,2021-07-13
CUST0519,Female,26-35,Pune,2021-07-14
CUST0520,Male,55+,Mumbai,2021-07-14
CUST0521,Female,18-25,Chennai,2021-07-15
CUST0522,Male,55+,Mumbai,2021-07-15
CUST0523,Female,26-35,Delhi,2021-07-15
CUST0524,Female,18-25,Hyderabad,2021-07-16
CUST0525,Female,36-45,Ahmedabad,2021-07-16
CUST0526,Male,26-35,Ahmedabad,2021-07-16
CUST0527,Male,26-35,Bangalore,2021-07-17
CUST0528,Male,26-35,Chennai,2021-07-17
CUST0529,Male,46-55,Surat,2021-07-18
CUST0530,Female,36-45,Pune,2021-07-18
CUST0531,Female,26-35,Surat,2021-07-18
CUST0532,Female,36-45,Bangalore,2021-07-19
CUST0533,Female,36-45,Delhi,2021-07-19
CUST0534,Female,26-35,Pune,2021-07-19
CUST0535,Female,26-35,Hyderabad,2021-07-20
CUST0536,Female,18-25,Surat,2021-07-20
CUST0537,Female,26-35,Hyderabad,2021-07-21
CUST0538,Male,36-45,Surat,2021-07-21
CUST0539,Male,26-35,Hyderabad,2021-07-21
CUST0540,Male,36-45,Surat,2021-07-22
CUST0541,Female,36-45,Hyderabad,2021-07-22
CUST0542,Female,18-25,Bangalore,2021-07-22
CUST0543,Male,36-45,Kolkata,2021-07-23
CUST0544,Female,26-35,Pune,2021-07-23
CUST0545,Female,55+,Chennai,2021-07-24
CUST0546,Male,36-45,Delhi,2021-07-24
CUST0547,Male,46-55,Jaipur,2021-07-24
CUST0548,Female,36-45,Mumbai,2021-07-25
CUST0549,Female,18-25,Chennai,2021-07-25
CUST0550,Female,36-45,Mumbai,2021-07-25
CUST0551,Female,55+,Pune,2021-07-26
CUST0552,Female,36-45,Chennai,2021-07-26
CUST0553,Female,46-55,Hyderabad,2021-07-27
CUST0554,Female,46-55,Hyderabad,2021-07-27
CUST0555,Female,26-35,Jaipur,2021-07-27
CUST0556,Male,26-35,Mumbai,2021-07-28
CUST0557,Male,36-45,Delhi,2021-07-28
CUST0558,Male,26-35,Pune,2021-07-28
CUST0559,Female,46-55,Hyderabad,2021-07-29
CUST0560,Female,55+,Kolkata,2021-07-29
CUST0561,Female,26-35,Bangalore,2021-07-30
CUST0562,Male,26-35,Bangalore,2021-07-30
CUST0563,Male,46-55,Surat,2021-07-30
CUST0564,Male,26-35,Delhi,2021-07-31
CUST0565,Male,46-55,Bangalore,2021-07-31
CUST0566,Female,26-35,Surat,2021-07-31
CUST0567,Male,36-45,Mumbai,2021-08-01
CUST0568,Male,18-25,Hyderabad,2021-08-01
CUST0569,Female,36-45,Hyderabad,2021-08-02
CUST0570,Male,26-35,Kolkata,2021-08-02
CUST0571,Female,36-45,Chennai,2021-08-02
CUST0572,Female,18-25,Bangalore,2021-08-03
CUST0573,Male,46-55,Mumbai,2021-08-03
CUST0574,Female,46-55,Ahmedabad,2021-08-03
CUST0575,Female,26-35,Bangalore,2021-08-04
CUST0576,Female,18-25,Delhi,2021-08-04
CUST0577,Male,18-25,Chennai,2021-08-05
CUST0578,Female,36-45,Bangalore,2021-08-05
CUST0579,Female,36-45,Mumbai,2021-08-05
CUST0580,Male,36-45,Bangalore,2021-08-06
CUST0581,Male,26-35,Delhi,2021-08-06
CUST0582,Female,26-35,Ahmedabad,2021-08-06
CUST0583,Female,36-45,Pune,2021-08-07
CUST0584,Male,36-45,Jaipur,2021-08-07
CUST0585,Female,55+,Ahmedabad,2021-08-08
CUST0586,Male,18-25,Surat,2021-08-08
CUST0587,Male,36-45,Bangalore,2021-08-08
CUST0588,Male,26-35,Hyderabad,2021-08-09
CUST0589,Male,26-35,Kolkata,2021-08-09
CUST0590,Male,36-45,Hyderabad,2021-08-09
CUST0591,Male,36-45,Ahmedabad,2021-08-10
CUST0592,Female,55+,Hyderabad,2021-08-10
CUST0593,Male,18-25,Mumbai,2021-08-11
CUST0594,Male,18-25,Hyderabad,2021-08-11
CUST0595,Female,36-45,Chennai,2021-08-11
CUST0596,Male,36-45,Pune,2021-08-12
CUST0597,Female,26-35,Bangalore,2021-08-12
CUST0598,Male,18-25,Hyderabad,2021-08-12
CUST0599,Male,18-25,Delhi,2021-08-13
CUST0600,Male,46-55,Pune,2021-08-13
CUST0601,Male,26-35,Pune,2021-08-14
CUST0602,Male,26-35,Hyderabad,2021-08-14
CUST0603,Male,26-35,Pune,2021-08-14
CUST0604,Male,26-35,Kolkata,2021-08-15
CUST0605,Male,18-25,Hyderabad,2021-08-15
CUST0606,Male,36-45,Mumbai,2021-08-15
CUST0607,Male,18-25,Ahmedabad,2021-08-16
CUST0608,Male,46-55,Chennai,2021-08-16
CUST0609,Female,26-35,Jaipur,2021-08-17
CUST0610,Female,36-45,Surat,2021-08-17
CUST0611,Male,46-55,Pune,2021-08-17
CUST0612,Female,36-45,Mumbai,2021-08-18
CUST0613,Female,36-45,Bangalore,2021-08-18
CUST0614,Male,26-35,Bangalore,2021-08-18
CUST0615,Female,26-35,Surat,2021-08-19
CUST0616,Female,36-45,Chennai,2021-08-19
CUST0617,Male,55+,Pune,2021-08-20
CUST0618,Male,36-45,Kolkata,2021-08-20
CUST0619,Female,36-45,Surat,2021-08-20
CUST0620,Female,46-55,Chennai,2021-08-21
CUST0621,Male,26-35,Pune,2021-08-21
CUST0622,Male,18-25,Mumbai,2021-08-21
CUST0623,Male,36-45,Ahmedabad,2021-08-22
CUST0624,Female,55+,Kolkata,2021-08-22
CUST0625,Female,18-25,Jaipur,2021-08-23
CUST0626,Male,36-45,Bangalore,2021-08-23
CUST0627,Male,26-35,Delhi,2021-08-23
CUST0628,Female,36-45,Mumbai,2021-08-24
CUST0629,Male,18-25,Bangalore,2021-08-24
CUST0630,Male,26-35,Hyderabad,2021-08-24
CUST0631,Female,46-55,Delhi,2021-08-25
CUST0632,Female,26-35,Bangalore,2021-08-25
CUST0633,Female,36-45,Chennai,2021-08-26
CUST0634,Female,46-55,Kolkata,2021-08-26
CUST0635,Male,55+,Bangalore,2021-08-26
CUST0636,Male,26-35,Jaipur,2021-08-27
CUST0637,Female,26-35,Ahmedabad,2021-08-27
CUST0638,Male,18-25,Chennai,2021-08-27
CUST0639,Male,55+,Mumbai,2021-08-28
CUST0640,Male,55+,Mumbai,2021-08-28
CUST0641,Male,36-45,Mumbai,2021-08-29
CUST0642,Male,46-55,Mumbai,2021-08-29
CUST0643,Male,36-45,Ahmedabad,2021-08-29
CUST0644,Male,36-45,Bangalore,2021-08-30
CUST0645,Male,18-25,Pune,2021-08-30
CUST0646,Female,46-55,Bangalore,2021-08-30
CUST0647,Female,18-25,Hyderabad,2021-08-31
CUST0648,Female,46-55,Kolkata,2021-08-31
CUST0649,Female,46-55,Delhi,2021-09-01
CUST0650,Female,36-45,Pune,2021-09-01
CUST0651,Male,18-25,Pune,2021-09-01
CUST0652,Female,26-35,Bangalore,2021-09-02
CUST0653,Female,26-35,Pune,2021-09-02
CUST0654,Female,26-35,Surat,2021-09-02
CUST0655,Male,18-25,Surat,2021-09-03
CUST0656,Male,55+,Hyderabad,2021-09-03
CUST0657,Male,36-45,Delhi,2021-09-04
CUST0658,Male,26-35,Jaipur,2021-09-04
CUST0659,Female,26-35,Ahmedabad,2021-09-04
CUST0660,Female,26-35,Bangalore,2021-09-05
CUST0661,Male,36-45,Ahmedabad,2021-09-05
CUST0662,Female,36-45,Jaipur,2021-09-05
CUST0663,Female,55+,Bangalore,2021-09-06
CUST0664,Male,36-45,Bangalore,2021-09-06
CUST0665,Male,55+,Delhi,2021-09-07
CUST0666,Male,46-55,Ahmedabad,2021-09-07
CUST0667,Male,26-35,Surat,2021-09-07
CUST0668,Male,55+,Mumbai,2021-09-08
CUST0669,Male,18-25,Ahmedabad,2021-09-08
CUST0670,Male,46-55,Kolkata,2021-09-08
CUST0671,Male,26-35,Kolkata,2021-09-09
CUST0672,Female,46-55,Bangalore,2021-09-09
CUST0673,Male,46-55,Mumbai,2021-09-10
CUST0674,Female,46-55,Chennai,2021-09-10
CUST0675,Male,46-55,Jaipur,2021-09-10
CUST0676,Female,26-35,Hyderabad,2021-09-11
CUST0677,Male,18-25,Mumbai,2021-09-11
CUST0678,Male,26-35,Hyderabad,2021-09-11
CUST0679,Female,18-25,Ahmedabad,2021-09-12
CUST0680,Female,36-45,Ahmedabad,2021-09-12
CUST0681,Female,26-35,Hyderabad,2021-09-13
CUST0682,Male,55+,Jaipur,2021-09-13
CUST0683,Male,36-45,Mumbai,2021-09-13
CUST0684,Female,46-55,Chennai,2021-09-14
CUST0685,Female,18-25,Bangalore,2021-09-14
CUST0686,Female,46-55,Delhi,2021-09-14
CUST0687,Female,55+,Ahmedabad,2021-09-15
CUST0688,Male,36-45,Kolkata,2021-09-15
CUST0689,Female,36-45,Jaipur,2021-09-16
CUST0690,Male,46-55,Delhi,2021-09-16
CUST0691,Male,18-25,Chennai,2021-09-16
CUST0692,Male,36-45,Pune,2021-09-17
CUST0693,Female,26-35,Bangalore,2021-09-17
CUST0694,Male,18-25,Ahmedabad,2021-09-17
CUST0695,Male,26-35,Bangalore,2021-09-18
CUST0696,Female,18-25,Delhi,2021-09-18
CUST0697,Male,18-25,Bangalore,2021-09-19
CUST0698,Female,18-25,Pune,2021-09-19
CUST0699,Male,55+,Delhi,2021-09-19
CUST0700,Female,36-45,Ahmedabad,2021-09-20
CUST0701,Female,55+,Mumbai,2021-09-20
CUST0702,Male,26-35,Kolkata,2021-09-20
CUST0703,Male,26-35,Delhi,2021-09-21
CUST0704,Male,36-45,Surat,2021-09-21
CUST0705,Male,26-35,Pune,2021-09-22
CUST0706,Female,18-25,Delhi,2021-09-22
CUST0707,Male,36-45,Delhi,2021-09-22
CUST0708,Female,26-35,Surat,2021-09-23
CUST0709,Male,36-45,Ahmedabad,2021-09-23
CUST0710,Female,36-45,Delhi,2021-09-23
CUST0711,Female,18-25,Kolkata,2021-09-24
CUST0712,Female,18-25,Bangalore,2021-09-24
CUST0713,Male,46-55,Ahmedabad,2021-09-25
CUST0714,Male,26-35,Kolkata,2021-09-25
CUST0715,Male,18-25,Ahmedabad,2021-09-25
CUST0716,Female,55+,Kolkata,2021-09-26
CUST0717,Female,18-25,Pune,2021-09-26
CUST0718,Female,36-45,Kolkata,2021-09-26
CUST0719,Male,55+,Hyderabad,2021-09-27
CUST0720,Female,26-35,Kolkata,2021-09-27
CUST0721,Female,18-25,Mumbai,2021-09-28
CUST0722,Male,18-25,Mumbai,2021-09-28
CUST0723,Male,26-35,Jaipur,2021-09-28
CUST0724,Female,18-25,Hyderabad,2021-09-29
CUST0725,Female,36-45,Hyderabad,2021-09-29
CUST0726,Female,18-25,Bangalore,2021-09-29
CUST0727,Male,36-45,Hyderabad,2021-09-30
CUST0728,Female,55+,Bangalore,2021-09-30
CUST0729,Male,46-55,Jaipur,2021-10-01
CUST0730,Male,36-45,Jaipur,2021-10-01
CUST0731,Male,26-35,Pune,2021-10-01
CUST0732,Female,36-45,Mumbai,2021-10-02
CUST0733,Female,36-45,Kolkata,2021-10-02
CUST0734,Female,26-35,Kolkata,2021-10-02
CUST0735,Male,18-25,Surat,2021-10-03
CUST0736,Female,46-55,Surat,2021-10-03
CUST0737,Male,26-35,Chennai,2021-10-04
CUST0738,Female,26-35,Ahmedabad,2021-10-04
CUST0739,Male,26-35,Pune,2021-10-04
CUST0740,Male,26-35,Chennai,2021-10-05
CUST0741,Male,46-55,Chennai,2021-10-05
CUST0742,Male,46-55,Delhi,2021-10-05
CUST0743,Female,46-55,Delhi,2021-10-06
CUST0744,Female,18-25,Chennai,2021-10-06
CUST0745,Male,26-35,Hyderabad,2021-10-07
CUST0746,Female,36-45,Ahmedabad,2021-10-07
CUST0747,Male,18-25,Pune,2021-10-07
CUST0748,Female,26-35,Chennai,2021-10-08
CUST0749,Female,46-55,Kolkata,2021-10-08
CUST0750,Female,18-25,Ahmedabad,2021-10-08
CUST0751,Male,36-45,Delhi,2021-10-09
CUST0752,Female,26-35,Kolkata,2021-10-09
CUST0753,Female,18-25,Delhi,2021-10-10
CUST0754,Male,26-35,Delhi,2021-10-10
CUST0755,Male,55+,Ahmedabad,2021-10-10
CUST0756,Female,46-55,Delhi,2021-10-11
CUST0757,Female,55+,Jaipur,2021-10-11
CUST0758,Female,36-45,Mumbai,2021-10-11
CUST0759,Female,18-25,Jaipur,2021-10-12
CUST0760,Female,36-45,Mumbai,2021-10-12
CUST0761,Male,26-35,Surat,2021-10-13
CUST0762,Male,46-55,Surat,2021-10-13
CUST0763,Male,18-25,Delhi,2021-10-13
CUST0764,Female,36-45,Pune,2021-10-14
CUST0765,Male,18-25,Pune,2021-10-14
CUST0766,Female,26-35,Mumbai,2021-10-14
CUST0767,Female,46-55,Kolkata,2021-10-15
CUST0768,Female,26-35,Ahmedabad,2021-10-15
CUST0769,Male,26-35,Delhi,2021-10-16
CUST0770,Female,26-35,Ahmedabad,2021-10-16
CUST0771,Male,26-35,Jaipur,2021-10-16
CUST0772,Female,46-55,Pune,2021-10-17
CUST0773,Male,46-55,Hyderabad,2021-10-17
CUST0774,Male,55+,Jaipur,2021-10-17
CUST0775,Female,46-55,Jaipur,2021-10-18
CUST0776,Male,26-35,Mumbai,2021-10-18
CUST0777,Male,36-45,Bangalore,2021-10-19
CUST0778,Female,26-35,Jaipur,2021-10-19
CUST0779,Female,26-35,Delhi,2021-10-19
CUST0780,Female,46-55,Chennai,2021-10-20
CUST0781,Female,18-25,Chennai,2021-10-20
CUST0782,Female,55+,Delhi,2021-10-20
CUST0783,Male,26-35,Bangalore,2021-10-21
CUST0784,Male,36-45,Bangalore,2021-10-21
CUST0785,Male,36-45,Mumbai,2021-10-22
CUST0786,Female,46-55,Pune,2021-10-22
CUST0787,Female,36-45,Ahmedabad,2021-10-22
CUST0788,Male,36-45,Bangalore,2021-10-23
CUST0789,Male,18-25,Hyderabad,2021-10-23
CUST0790,Female,36-45,Mumbai,2021-10-23
CUST0791,Male,18-25,Surat,2021-10-24
CUST0792,Female,46-55,Kolkata,2021-10-24
CUST0793,Female,36-45,Surat,2021-10-25
CUST0794,Female,36-45,Mumbai,2021-10-25
CUST0795,Male,18-25,Jaipur,2021-10-25
CUST0796,Female,18-25,Ahmedabad,2021-10-26
CUST0797,Female,36-45,Kolkata,2021-10-26
CUST0798,Female,18-25,Surat,2021-10-26
CUST0799,Female,18-25,Kolkata,2021-10-27
CUST0800,Female,18-25,Hyderabad,2021-10-27
CUST0801,Female,55+,Hyderabad,2021-10-28
CUST0802,Male,46-55,Hyderabad,2021-10-28
CUST0803,Female,26-35,Mumbai,2021-10-28
CUST0804,Female,26-35,Ahmedabad,2021-10-29
CUST0805,Male,26-35,Mumbai,2021-10-29
CUST0806,Female,46-55,Chennai,2021-10-29
CUST0807,Female,36-45,Jaipur,2021-10-30
CUST0808,Female,26-35,Jaipur,2021-10-30
CUST0809,Male,18-25,Hyderabad,2021-10-31
CUST0810,Male,18-25,Chennai,2021-10-31
CUST0811,Female,36-45,Bangalore,2021-10-31
CUST0812,Female,46-55,Bangalore,2021-11-01
CUST0813,Male,26-35,Hyderabad,2021-11-01
CUST0814,Female,18-25,Surat,2021-11-01
CUST0815,Female,18-25,Mumbai,2021-11-02
CUST0816,Female,55+,Hyderabad,2021-11-02
CUST0817,Female,26-35,Pune,2021-11-03
CUST0818,Male,46-55,Kolkata,2021-11-03
CUST0819,Male,36-45,Jaipur,2021-11-03
CUST0820,Male,26-35,Bangalore,2021-11-04
CUST0821,Female,26-35,Delhi,2021-11-04
CUST0822,Male,18-25,Bangalore,2021-11-04
CUST0823,Male,36-45,Jaipur,2021-11-05
CUST0824,Male,46-55,Kolkata,2021-11-05
CUST0825,Female,36-45,Jaipur,2021-11-06
CUST0826,Female,36-45,Delhi,2021-11-06
CUST0827,Male,18-25,Hyderabad,2021-11-06
CUST0828,Male,55+,Chennai,2021-11-07
CUST0829,Female,46-55,Delhi,2021-11-07
CUST0830,Male,26-35,Jaipur,2021-11-07
CUST0831,Male,55+,Jaipur,2021-11-08
CUST0832,Male,36-45,Pune,2021-11-08
CUST0833,Male,36-45,Pune,2021-11-09
CUST0834,Male,46-55,Ahmedabad,2021-11-09
CUST0835,Female,46-55,Pune,2021-11-09
CUST0836,Male,36-45,Mumbai,2021-11-10
CUST0837,Female,18-25,Chennai,2021-11-10
CUST0838,Male,26-35,Kolkata,2021-11-10
CUST0839,Female,55+,Delhi,2021-11-11
CUST0840,Female,26-35,Jaipur,2021-11-11
CUST0841,Male,26-35,Ahmedabad,2021-11-12
CUST0842,Female,26-35,Ahmedabad,2021-11-12
CUST0843,Male,26-35,Kolkata,2021-11-12
CUST0844,Female,36-45,Chennai,2021-11-13
CUST0845,Male,55+,Delhi,2021-11-13
CUST0846,Male,26-35,Bangalore,2021-11-13
CUST0847,Male,18-25,Pune,2021-11-14
CUST0848,Female,26-35,Hyderabad,2021-11-14
CUST0849,Female,46-55,Ahmedabad,2021-11-15
CUST0850,Female,36-45,Pune,2021-11-15
CUST0851,Male,26-35,Pune,2021-11-15
CUST0852,Female,46-55,Mumbai,2021-11-16
CUST0853,Male,46-55,Chennai,2021-11-16
CUST0854,Female,46-55,Hyderabad,2021-11-16
CUST0855,Male,55+,Bangalore,2021-11-17
CUST0856,Male,26-35,Jaipur,2021-11-17
CUST0857,Male,46-55,Mumbai,2021-11-18
CUST0858,Male,26-35,Pune,2021-11-18
CUST0859,Female,46-55,Pune,2021-11-18
CUST0860,Male,36-45,Surat,2021-11-19
CUST0861,Female,46-55,Hyderabad,2021-11-19
CUST0862,Male,36-45,Hyderabad,2021-11-19
CUST0863,Female,18-25,Surat,2021-11-20
CUST0864,Male,36-45,Hyderabad,2021-11-20
CUST0865,Male,55+,Pune,2021-11-21
CUST0866,Female,55+,Ahmedabad,2021-11-21
CUST0867,Male,18-25,Delhi,2021-11-21
CUST0868,Male,18-25,Pune,2021-11-22
CUST0869,Female,18-25,Mumbai,2021-11-22
CUST0870,Female,36-45,Chennai,2021-11-22
CUST0871,Male,46-55,Surat,2021-11-23
CUST0872,Male,26-35,Bangalore,2021-11-23
CUST0873,Female,36-45,Jaipur,2021-11-24
CUST0874,Male,46-55,Bangalore,2021-11-24
CUST0875,Male,46-55,Pune,2021-11-24
CUST0876,Male,36-45,Mumbai,2021-11-25
CUST0877,Female,36-45,Pune,2021-11-25
CUST0878,Female,36-45,Chennai,2021-11-25
CUST0879,Male,26-35,Ahmedabad,2021-11-26
CUST0880,Male,36-45,Jaipur,2021-11-26
CUST0881,Male,36-45,Chennai,2021-11-27
CUST0882,Female,46-55,Surat,2021-11-27
CUST0883,Male,36-45,Surat,2021-11-27
CUST0884,Male,46-55,Pune,2021-11-28
CUST0885,Female,18-25,Mumbai,2021-11-28
CUST0886,Male,26-35,Chennai,2021-11-28
CUST0887,Female,18-25,Kolkata,2021-11-29
CUST0888,Male,26-35,Mumbai,2021-11-29
CUST0889,Male,36-45,Ahmedabad,2021-11-30
CUST0890,Male,55+,Surat,2021-11-30
CUST0891,Female,18-25,Pune,2021-11-30
CUST0892,Female,26-35,Hyderabad,2021-12-01
CUST0893,Female,46-55,Surat,2021-12-01
CUST0894,Male,26-35,Jaipur,2021-12-01
CUST0895,Female,36-45,Delhi,2021-12-02
CUST0896,Male,46-55,Hyderabad,2021-12-02
CUST0897,Male,36-45,Pune,2021-12-03
CUST0898,Female,26-35,Kolkata,2021-12-03
CUST0899,Male,26-35,Hyderabad,2021-12-03
CUST0900,Male,46-55,Jaipur,2021-12-04
CUST0901,Male,36-45,Mumbai,2021-12-04
CUST0902,Male,18-25,Kolkata,2021-12-04
CUST0903,Male,46-55,Surat,2021-12-05
CUST0904,Female,18-25,Kolkata,2021-12-05
CUST0905,Male,46-55,Chennai,2021-12-06
CUST0906,Female,26-35,Jaipur,2021-12-06
CUST0907,Female,55+,Hyderabad,2021-12-06
CUST0908,Male,26-35,Chennai,2021-12-07
CUST0909,Male,26-35,Kolkata,2021-12-07
CUST0910,Male,18-25,Chennai,2021-12-07
CUST0911,Female,26-35,Bangalore,2021-12-08
CUST0912,Male,46-55,Jaipur,2021-12-08
CUST0913,Female,55+,Ahmedabad,2021-12-09
CUST0914,Male,26-35,Mumbai,2021-12-09
CUST0915,Female,26-35,Kolkata,2021-12-09
CUST0916,Male,36-45,Jaipur,2021-12-10
CUST0917,Male,46-55,Ahmedabad,2021-12-10
CUST0918,Female,36-45,Ahmedabad,2021-12-10
CUST0919,Female,26-35,Pune,2021-12-11
CUST0920,Male,26-35,Chennai,2021-12-11
CUST0921,Female,36-45,Ahmedabad,2021-12-12
CUST0922,Female,18-25,Bangalore,2021-12-12
CUST0923,Female,36-45,Jaipur,2021-12-12
CUST0924,Female,26-35,Delhi,2021-12-13
CUST0925,Male,46-55,Delhi,2021-12-13
CUST0926,Male,18-25,Kolkata,2021-12-13
CUST0927,Male,36-45,Surat,2021-12-14
CUST0928,Female,36-45,Chennai,2021-12-14
CUST0929,Female,36-45,Surat,2021-12-15
CUST0930,Male,18-25,Ahmedabad,2021-12-15
CUST0931,Male,36-45,Jaipur,2021-12-15
CUST0932,Female,36-45,Kolkata,2021-12-16
CUST0933,Female,36-45,Hyderabad,2021-12-16
CUST0934,Female,36-45,Ahmedabad,2021-12-16
CUST0935,Male,36-45,Chennai,2021-12-17
CUST0936,Male,46-55,Delhi,2021-12-17
CUST0937,Male,26-35,Pune,2021-12-18
CUST0938,Female,46-55,Jaipur,2021-12-18
CUST0939,Male,36-45,Mumbai,2021-12-18
CUST0940,Female,18-25,Surat,2021-12-19
CUST0941,Male,18-25,Kolkata,2021-12-19
CUST0942,Female,26-35,Surat,2021-12-19
CUST0943,Female,46-55,Jaipur,2021-12-20
CUST0944,Female,36-45,Surat,2021-12-20
CUST0945,Male,46-55,Jaipur,2021-12-21
CUST0946,Male,36-45,Surat,2021-12-21
CUST0947,Male,26-35,Bangalore,2021-12-21
CUST0948,Female,18-25,Hyderabad,2021-12-22
CUST0949,Female,26-35,Ahmedabad,2021-12-22
CUST0950,Female,26-35,Ahmedabad,2021-12-22
CUST0951,Female,18-25,Chennai,2021-12-23
CUST0952,Female,26-35,Mumbai,2021-12-23
CUST0953,Male,36-45,Mumbai,2021-12-24
CUST0954,Female,46-55,Chennai,2021-12-24
CUST0955,Male,55+,Pune,2021-12-24
CUST0956,Male,55+,Ahmedabad,2021-12-25
CUST0957,Female,36-45,Pune,2021-12-25
CUST0958,Male,26-35,Jaipur,2021-12-25
CUST0959,Male,36-45,Jaipur,2021-12-26
CUST0960,Female,46-55,Delhi,2021-12-26
CUST0961,Male,18-25,Surat,2021-12-27
CUST0962,Female,26-35,Mumbai,2021-12-27
CUST0963,Male,46-55,Delhi,2021-12-27
CUST0964,Male,26-35,Hyderabad,2021-12-28
CUST0965,Male,36-45,Chennai,2021-12-28
CUST0966,Male,36-45,Chennai,2021-12-28
CUST0967,Female,26-35,Jaipur,2021-12-29
CUST0968,Male,26-35,Ahmedabad,2021-12-29
CUST0969,Female,26-35,Pune,2021-12-30
CUST0970,Male,18-25,Mumbai,2021-12-30
CUST0971,Female,18-25,Delhi,2021-12-30
CUST0972,Female,46-55,Pune,2021-12-31
CUST0973,Female,26-35,Delhi,2021-12-31
CUST0974,Male,36-45,Surat,2021-12-31
CUST0975,Male,26-35,Hyderabad,2022-01-01
CUST0976,Male,55+,Hyderabad,2022-01-01
CUST0977,Female,26-35,Pune,2022-01-02
CUST0978,Male,26-35,Pune,2022-01-02
CUST0979,Female,46-55,Pune,2022-01-02
CUST0980,Female,46-55,Delhi,2022-01-03
CUST0981,Male,26-35,Surat,2022-01-03
CUST0982,Female,46-55,Bangalore,2022-01-03
CUST0983,Male,26-35,Pune,2022-01-04
CUST0984,Male,36-45,Ahmedabad,2022-01-04
CUST0985,Female,18-25,Mumbai,2022-01-05
CUST0986,Female,18-25,Mumbai,2022-01-05
CUST0987,Female,36-45,Delhi,2022-01-05
CUST0988,Male,36-45,Pune,2022-01-06
CUST0989,Male,26-35,Jaipur,2022-01-06
CUST0990,Female,36-45,Chennai,2022-01-06
CUST0991,Female,46-55,Bangalore,2022-01-07
CUST0992,Female,18-25,Ahmedabad,2022-01-07
CUST0993,Male,36-45,Surat,2022-01-08
CUST0994,Female,18-25,Jaipur,2022-01-08
CUST0995,Male,46-55,Hyderabad,2022-01-08
CUST0996,Male,36-45,Jaipur,2022-01-09
CUST0997,Female,55+,Delhi,2022-01-09
CUST0998,Male,18-25,Bangalore,2022-01-09
CUST0999,Female,18-25,Kolkata,2022-01-10
CUST1000,Male,26-35,Kolkata,2022-01-10
